project_longitude,project_latitude,county_name,county_fips,state_fips
-84.43306,33.633141,Clayton County,13063,13
-84.356606,33.505554,Clayton County,13063,13
-84.366959,33.761509,Fulton County,13121,13
-84.395576,33.764141,Fulton County,13121,13
-84.395575,33.764139,Fulton County,13121,13
-84.375359,33.750118,Fulton County,13121,13
-81.932048,34.949567,Spartanburg County,45083,45
-84.240677,33.468193,Henry County,13151,13
-80.843124,35.227085,Mecklenburg County,37119,37
-84.432594,33.632824,Clayton County,13063,13
-84.433059,33.633142,Clayton County,13063,13
-84.229406,33.769407,DeKalb County,13089,13
-84.979294,32.465664,Muscogee County,13215,13
-79.39722,34.18,Marion County,45067,45
-82.394,34.8526,Greenville County,45045,45
44.49091,-63.741854,,,
-82.377687,34.178544,Abbeville County,45001,45
35.865226,-93.463606,,,
-79.7568,34.1984,Florence County,45041,45
-80.3414693,33.9204354,Sumter County,45085,45
-102.87,46.17,Adams County,38001,38
-83.32,36.84139,Harlan County,21095,21
-82.0142597,34.4990116,Laurens County,45059,45
-81.03,34.93,York County,45091,45
41.794103,-87.621789,,,
-81.14222,33.32111,Bamberg County,45009,45
-81.6498195,35.0717945,Cherokee County,45021,45
-81.03472,34.00056,Richland County,45079,45
-80.7526,32.2163,Beaufort County,45013,45
-81.9275,34.94667,Spartanburg County,45083,45
-79.9311,32.7765,Charleston County,45019,45
-81.966667,33.466667,Richmond County,13245,13
40.94935,-74.152706,,,
-98.65,46.92,Stutsman County,38093,38
-80.210913,33.695163,Clarendon County,45027,45
-82.385556,34.844444,Greenville County,45045,45
-98.123984,47.444438,Griggs County,38039,38
35.472989,-97.517054,,,
-81.0348,34.0007,Richland County,45079,45
-101.41667,47.65278,McLean County,38055,38
37.526933,-79.197179,,,
-100.7833,48.8333,Bottineau County,38009,38
-79.048889,33.551667,Georgetown County,45043,45
-97.40556,48.41417,Walsh County,38099,38
-78.886696,33.68906,Horry County,45051,45
-101.279006,48.237614,Ward County,38101,38
-79.762566,34.195435,Florence County,45041,45
-81.929444,33.789444,Edgefield County,45037,45
-79.930923,32.776566,Charleston County,45019,45
-80.2488889,34.2188889,Lee County,45061,45
-81.0348144,34.0007104,Richland County,45079,45
-80.86,33.49,Orangeburg County,45075,45
-81.03481,34.00071,Richland County,45079,45
-81.77167,34.00306,Saluda County,45081,45
-81.623711,34.715412,Union County,45087,45
-79.72,33.63,Williamsburg County,45089,45
-79.948333,34.705,Chesterfield County,45025,45
-82.6501332,34.5034394,Anderson County,45007,45
-79.3711579,34.4165505,Dillon County,45033,45
-82.590278,34.823333,Pickens County,45077,45
-82.2941076,33.9126422,McCormick County,45065,45
-81.618,34.297,Newberry County,45071,45
-79.9310512,32.7764749,Charleston County,45019,45
-80.8431,35.2271,Mecklenburg County,37119,37
-79.93194,32.78333,Charleston County,45019,45
-80.0325867,32.9810059,Berkeley County,45015,45
-81.033,34.0,Richland County,45079,45
-81.1276052,32.8779425,Hampton County,45049,45
-80.6667688,32.9051704,Colleton County,45029,45
-82.16167,34.19528,Greenwood County,45047,45
-81.36333,33.24444,Barnwell County,45011,45
-81.30861,33.00889,Allendale County,45005,45
-82.953204,34.685656,Oconee County,45073,45
-81.720556,33.549444,Aiken County,45003,45
-80.778889,33.664722,Calhoun County,45017,45
-80.74306,32.17889,Beaufort County,45013,45
-100.93278,48.05806,McHenry County,38049,38
-79.68478,34.61738,Marlboro County,45069,45
-78.88669,33.68906,Horry County,45051,45
-97.6812,46.4416,Ransom County,38073,38
-102.7540751,47.3719582,Dunn County,38025,38
-97.087328,47.919595,Grand Forks County,38035,38
-82.65028,34.50333,Anderson County,45007,45
-82.394012,34.852619,Greenville County,45045,45
-81.035,34.0008,Richland County,45079,45
-78.8867,33.6891,Horry County,45051,45
-100.57,46.11,Emmons County,38029,38
-98.003159,46.923313,Barnes County,38003,38
-102.49018,47.98085,Mountrail County,38061,38
-102.78962,46.8789,Stark County,38089,38
-98.708534,46.909538,Stutsman County,38093,38
-103.283247,47.802241,McKenzie County,38053,38
-100.78,46.83,Burleigh County,38015,38
-97.32639,47.49833,Traill County,38097,38
-96.789803,46.877186,Cass County,38017,38
-98.99722,47.97167,Benson County,38005,38
-96.605904,46.265236,Richland County,38077,38
-97.837267,47.512515,Steele County,38091,38
-99.7448688,48.8391712,Rolette County,38079,38
-100.889576,46.82666,Morton County,38059,38
-104.00444,46.91583,Golden Valley County,38033,38
-103.617973,48.146969,Williams County,38105,38
-101.77795,47.26334,Mercer County,38057,38
-99.1375,47.67972,Eddy County,38027,38
-98.346767,48.042868,Nelson County,38063,38
-99.996078,48.368748,Pierce County,38069,38
-97.622222,48.793611,Pembina County,38067,38
-98.08722,46.13972,Dickey County,38021,38
-99.34,46.92,Stutsman County,38093,38
-103.52435,46.9139,Billings County,38007,38
-102.6368239,46.0013946,Adams County,38001,38
-98.371307,48.763149,Cavalier County,38019,38
-98.8651202,48.112779,Ramsey County,38071,38
-102.4,48.7,Burke County,38013,38
-100.44306,47.48583,Sheridan County,38083,38
-99.12622,47.44972,Foster County,38031,38
-102.86694,46.54083,Hettinger County,38041,38
-99.556944,46.256944,McIntosh County,38051,38
-101.8475,46.40139,Grant County,38037,38
-100.63013,46.08694,Sioux County,38085,38
-97.66944,46.22611,Sargent County,38081,38
-103.29667,48.91611,Divide County,38023,38
-97.9,48.9,Pembina County,38067,38
-103.92076,46.29501,Slope County,38087,38
-99.93111,47.76861,Wells County,38103,38
-101.513217,48.763356,Renville County,38075,38
-99.768,46.504,Logan County,38047,38
-100.7837,46.8083,Burleigh County,38015,38
-109.94,34.24,Navajo County,04017,04
-112.074036,33.448376,Maricopa County,04013,04
-111.3251355,34.2308684,Gila County,04007,04
-114.25639,34.07806,La Paz County,04012,04
-111.651302,35.1982836,Coconino County,04005,04
-111.57222,33.170277,Pinal County,04021,04
-110.92639,32.22167,Pima County,04019,04
-109.7167,33.4025,Graham County,04009,04
-112.31861,34.59722,Yavapai County,04025,04
-114.322455,34.483901,Mohave County,04015,04
-114.61528,32.69222,Yuma County,04027,04
-76.510497,43.455346,Oswego County,36075,36
-74.68933,41.65565,Sullivan County,36105,36
-73.92,41.7,Dutchess County,36027,36
-78.4,42.2,Cattaraugus County,36009,36
-73.7562,42.6526,Albany County,36001,36
-73.89875,40.93121,Westchester County,36119,36
-78.8783689,42.8864468,Erie County,36029,36
-75.918,42.102,Broome County,36007,36
-73.68139,42.41278,Columbia County,36021,36
-77.94806,42.12194,Allegany County,36003,36
-73.9395687,42.8142432,Schenectady County,36093,36
-73.88611,40.83722,Bronx County,36005,36
-73.9543146,44.2433802,Essex County,36031,36
-75.2325,43.10083,Oneida County,36065,36
-74.1667,42.9333,Montgomery County,36057,36
-73.691785,42.728412,Rensselaer County,36083,36
-77.6088,43.1566,Monroe County,36055,36
-76.807734,42.089796,Chemung County,36015,36
-77.0546903,42.1428521,Steuben County,36101,36
-73.997778,41.926667,Ulster County,36111,36
-73.61869,40.70632,Nassau County,36059,36
-74.35,43.05,Fulton County,36035,36
-75.910759,43.974785,Jefferson County,36045,36
-79.235326,42.097002,Chautauqua County,36013,36
-75.232664,43.100903,Oneida County,36065,36
-79.0377388,43.0962143,Niagara County,36063,36
-73.7845651,43.0831301,Saratoga County,36091,36
-77.08778,43.06167,Wayne County,36117,36
-72.933,40.817,Suffolk County,36103,36
-71.06547930044778,42.35688402396571,Suffolk County,25025,25
-74.4229341,41.4459271,Orange County,36071,36
-74.4854172,42.677853,Schoharie County,36095,36
-73.971321,40.776676,New York County,36061,36
-75.914,43.9769,Jefferson County,36045,36
-74.08333,41.12194,Rockland County,36087,36
-76.14444,43.04694,Onondaga County,36067,36
-73.72944,41.385,Putnam County,36079,36
-76.5019,42.4439,Tompkins County,36109,36
-75.9654123183431,44.1947979099474,Jefferson County,36045,36
-73.64833,43.31222,Warren County,36113,36
-77.40888,42.98256,Ontario County,36069,36
-73.45833,44.69528,Clinton County,36019,36
-76.873292,42.380629,Schuyler County,36097,36
-76.26333,42.10444,Tioga County,36107,36
-76.567,42.933,Cayuga County,36011,36
-77.61092,43.16103,Monroe County,36055,36
-78.187517,42.998116,Genesee County,36037,36
-75.867,43.067,Madison County,36053,36
-73.6439,43.3092,Warren County,36113,36
-74.294899,44.84866,Franklin County,36033,36
-75.523515,42.531184,Chenango County,36017,36
-74.93,42.3,Delaware County,36025,36
-73.86639,42.22111,Greene County,36039,36
-73.769417,40.742054,Queens County,36081,36
-75.59,43.79,Lewis County,36049,36
-76.18048,42.60118,Cortland County,36023,36
-74.14694,40.57194,Richmond County,36085,36
-73.9442,40.6782,Kings County,36047,36
-75.063775,42.452857,Otsego County,36077,36
-77.053858,42.660903,Yates County,36123,36
-87.76279,37.397545,Webster County,21233,21
-85.375,38.398611,Oldham County,21185,21
-74.42028,43.97167,Hamilton County,36041,36
-85.49885,37.26089,Green County,21087,21
-82.76,37.79,Johnson County,21115,21
-85.7585,38.2527,Jefferson County,21111,21
-82.637944,38.478417,Boyd County,21019,21
-87.4886,36.8656,Christian County,21047,21
-85.2235666,38.2120144,Shelby County,21211,21
-82.5187629,37.4792672,Pike County,21195,21
-78.00528,42.71583,Wyoming County,36121,36
-87.55056,37.97722,Vanderburgh County,18163,18
-76.79806,42.90861,Seneca County,36099,36
-83.1933,37.2496,Perry County,21193,21
-84.62661,38.99895,Boone County,21015,21
-85.08857,37.05618,Russell County,21207,21
-87.8825,37.10778,Caldwell County,21033,21
-74.006,40.7128,New York County,36061,36
-83.8888138,36.8664765,Knox County,21121,21
-84.294654,37.747857,Madison County,21151,21
-82.603806,38.114217,Lawrence County,21127,21
-88.314761,36.6103334,Calloway County,21035,21
-77.6617161758611,42.3250428117665,Steuben County,36101,36
-85.871674,37.703224,Hardin County,21093,21
-84.558831,38.209797,Scott County,21209,21
-85.5457877,38.0500627,Bullitt County,21029,21
-87.35945,36.52977,Montgomery County,47125,47
-85.75139,38.25611,Jefferson County,21111,21
-86.6835998,37.2256023,Butler County,21031,21
-87.5201,37.2464,Hopkins County,21107,21
-84.50164,38.047989,Fayette County,21067,21
-83.76028,38.13639,Bath County,21011,21
-87.1319409,37.4931026,McLean County,21149,21
-82.5387633,37.8664833,Martin County,21159,21
-85.29,36.66,Cumberland County,21057,21
-84.867,38.2,Franklin County,21073,21
-87.12,37.76,Daviess County,21059,21
-86.88722,36.84532,Logan County,21141,21
-85.31,37.16,Adair County,21001,21
-83.03,37.59,Magoffin County,21153,21
-83.8582525,37.8456373,Powell County,21197,21
-88.6367154,36.7417235,Graves County,21083,21
-82.44495,38.4196,Cabell County,54011,54
-84.49778,38.04639,Fayette County,21067,21
-88.35032,36.85728,Marshall County,21157,21
-83.38417,37.55306,Breathitt County,21025,21
-84.18417,37.99472,Clark County,21049,21
-86.8758256,37.4019918,Ohio County,21183,21
-84.7722,37.6456,Boyle County,21021,21
-83.99361,37.43028,Jackson County,21109,21
-84.294101,38.390353,Harrison County,21097,21
-83.43268,38.18397,Rowan County,21205,21
-84.62167,38.75944,Grant County,21081,21
-84.900556,38.781944,Gallatin County,21077,21
-84.98,37.22,Casey County,21045,21
-84.340492,37.352863,Rockcastle County,21203,21
-82.63222,37.18,Letcher County,21133,21
-82.981147,37.337174,Knott County,21119,21
-84.0969,36.9487,Whitley County,21235,21
-83.70667,37.57139,Lee County,21129,21
-87.156377,36.808926,Todd County,21219,21
-86.44444,36.98167,Warren County,21227,21
-86.29386,37.48005,Grayson County,21085,21
-83.7338076,38.4222995,Fleming County,21069,21
-84.027427,38.3120197,Nicholas County,21181,21
-83.744365,38.641185,Mason County,21161,21
-86.2,37.2,Edmonson County,21061,21
-85.612191,36.980056,Metcalfe County,21169,21
-83.54833,37.73472,Wolfe County,21237,21
-83.67667,37.47472,Owsley County,21189,21
-83.259622,37.921476,Morgan County,21175,21
-86.4,37.9,Breckinridge County,21027,21
-84.5085167,39.0837022,Kenton County,21117,21
-84.604698,37.092074,Pulaski County,21199,21
-87.1233292,37.2939322,Muhlenberg County,21177,21
-83.761864,37.153701,Clay County,21051,21
-84.08611,37.13611,Laurel County,21125,21
-86.577218,36.722263,Simpson County,21213,21
-88.079051,37.332505,Crittenden County,21055,21
-86.174722,37.992778,Meade County,21163,21
-88.9933965,36.6672813,Hickman County,21105,21
-83.72333,36.61028,Bell County,21013,21
-86.1905424,36.7533781,Allen County,21003,21
-83.94444,38.05667,Montgomery County,21173,21
-84.5037,38.0406,Fayette County,21067,21
-85.911922,36.995884,Barren County,21009,21
-84.4471633,39.0750607,Campbell County,21037,21
-85.222182,37.685341,Washington County,21229,21
-85.4667,37.8167,Nelson County,21179,21
-83.9,37.2,Clay County,21051,21
-85.17778,38.36361,Henry County,21103,21
-85.375,38.71,Trimble County,21223,21
-83.32444,38.59444,Lewis County,21135,21
-82.9485,38.3326,Carter County,21043,21
-82.77155,37.66565,Floyd County,21071,21
-88.6275,37.07222,McCracken County,21145,21
-85.263,37.558,Marion County,21155,21
-85.345556,37.345833,Taylor County,21217,21
-86.4808,36.9685,Warren County,21227,21
-85.5182212393802,38.2602646042459,Jefferson County,21111,21
-89.1861791,36.5711721,Fulton County,21075,21
-84.8966171,38.0372967,Anderson County,21005,21
-85.73996,37.57395,Larue County,21123,21
-89.010026,36.87269,Carlisle County,21039,21
-85.1793979,38.6808958,Carroll County,21041,21
-85.69164,36.70228,Monroe County,21171,21
-83.6257452,37.950916,Menifee County,21165,21
-84.4385489,36.6509124,McCreary County,21147,21
-84.841893,38.536456,Owen County,21187,21
-84.50361,38.04056,Fayette County,21067,21
-84.5120196,39.1031182,Hamilton County,39061,39
-86.902214,37.936997,Hancock County,21091,21
-84.3302,38.6767,Pendleton County,21191,21
-88.080301,37.094497,Lyon County,21143,21
-88.6000478,37.0833893,McCracken County,21145,21
-84.6618876,37.5311901,Lincoln County,21137,21
-83.97381,37.70064,Estill County,21065,21
-85.13528,36.69333,Clinton County,21053,21
-84.849113,36.829794,Wayne County,21231,21
-84.729946,38.052576,Woodford County,21239,21
-83.1262839,38.0864739,Elliott County,21063,21
-87.91669,37.68338,Union County,21225,21
-88.97368,37.07672,Ballard County,21007,21
-84.0372,38.5319,Robertson County,21201,21
-84.8475,37.76556,Mercer County,21167,21
-85.65802001953125,38.18624877929688,Jefferson County,21111,21
-89.944257,34.311498,Panola County,28107,28
-89.428121,31.829604,Smith County,28129,28
-89.72814,33.48207,Montgomery County,28097,28
-90.3,45.06,Taylor County,55119,55
-81.612,37.012,Tazewell County,51185,51
-90.5709323,34.2001086,Coahoma County,28027,28
-90.18481,32.29876,Hinds County,28049,28
-89.536179,32.732635,Leake County,28079,28
-89.289,31.3244,Forrest County,28035,28
-89.00667,34.24861,Pontotoc County,28115,28
-91.0586,33.4053,Washington County,28151,28
-88.48611,33.98722,Monroe County,28095,28
-90.1848,32.2988,Hinds County,28049,28
-88.54,30.406,Jackson County,28059,28
-89.1353,30.8582,Stone County,28131,28
-90.7248187,33.7440023,Bolivar County,28011,28
-89.13944,31.6975,Jones County,28067,28
-89.1728434,33.3101243,Choctaw County,28019,28
-90.10528,32.27194,Rankin County,28121,28
-88.55583,31.15389,Greene County,28041,28
-89.09282,30.36742,Harrison County,28047,28
-89.53,34.37,Lafayette County,28071,28
-90.184807,32.298756,Hinds County,28049,28
-90.01259,34.98898,DeSoto County,28033,28
-88.7394,34.2643,Lee County,28081,28
-90.012591,34.988982,DeSoto County,28033,28
-88.70366,32.36431,Lauderdale County,28075,28
-89.5594,31.6422,Covington County,28031,28
-90.1795281,33.5162315,Leflore County,28083,28
-91.3875,31.55444,Adams County,28001,28
-89.267012,33.540677,Webster County,28155,28
-90.405647,32.855133,Yazoo County,28163,28
-89.73369,31.87377,Simpson County,28127,28
-89.8670229,31.5985012,Jefferson Davis County,28065,28
-89.0928,30.3673,Harrison County,28047,28
-90.4531536,31.2437872,Pike County,28113,28
-88.56088,33.1054,Noxubee County,28103,28
-88.19778,34.80778,Tishomingo County,28141,28
-89.34222,33.99194,Calhoun County,28013,28
-88.84,33.89,Chickasaw County,28017,28
-88.40139,34.26111,Itawamba County,28057,28
-89.279574,31.976761,Jasper County,28061,28
-88.615308785389,30.3826251704411,Jackson County,28059,28
-89.6795084,30.5254692,Pearl River County,28109,28
-89.00167,33.89806,Chickasaw County,28017,28
-88.946944,34.7325,Tippah County,28139,28
-89.85639,33.07639,Holmes County,28051,28
-89.74694,33.33167,Carroll County,28015,28
-90.8781567,32.9065168,Sharkey County,28125,28
-91.01917,31.19694,Amite County,28005,28
-88.5222702,34.9342548,Alcorn County,28003,28
-88.62,34.75,Prentiss County,28117,28
-89.9687,34.6176,Tate County,28137,28
-89.11673,32.77152,Neshoba County,28099,28
-88.703386,34.257607,Lee County,28081,28
-88.64361,31.67389,Wayne County,28153,28
-89.0078418,34.4942683,Union County,28145,28
-89.47423,32.36459,Scott County,28123,28
-90.4406506,31.5790588,Lincoln County,28085,28
-91.14,31.04,Wilkinson County,28157,28
-89.75,34.9,DeSoto County,28033,28
-88.940049,31.349343,Perry County,28111,28
-88.82,33.4625,Oktibbeha County,28105,28
-90.4892563,33.1842912,Humphreys County,28053,28
-90.93,32.31,Madison Parish,22065,22
-90.635,33.468,Sunflower County,28133,28
-89.63111,34.15361,Yalobusha County,28161,28
-88.72083,32.04306,Clarke County,28023,28
-90.11,31.554167,Lawrence County,28077,28
-89.8375,31.251944,Marion County,28091,28
-90.98306,31.95611,Claiborne County,28021,28
-90.26944,34.25139,Quitman County,28119,28
-90.84667,31.46333,Franklin County,28037,28
-89.8,33.74,Grenada County,28043,28
-89.163333,32.321389,Newton County,28101,28
-88.63,31.05,Greene County,28041,28
-91.0606607,31.7115534,Jefferson County,28063,28
-90.047222,35.149444,Shelby County,47157,47
-89.6167,33.0167,Attala County,28007,28
-89.17778,34.83417,Benton County,28009,28
-88.6525,33.60611,Clay County,28025,28
-89.42,31.32,Lamar County,28073,28
-89.05611,33.12306,Winston County,28159,28
-90.01111,34.96889,DeSoto County,28033,28
-88.43,33.5,Lowndes County,28087,28
-90.43333,34.01722,Tallahatchie County,28135,28
-90.1420331,31.1160119,Walthall County,28147,28
-91.0512171,32.9020717,Issaquena County,28055,28
-91.2396,43.8014,La Crosse County,55063,55
-91.239578,43.801357,La Crosse County,55063,55
-89.6301221,44.9591352,Marathon County,55073,55
-89.7442907,43.4710944,Sauk County,55111,55
-89.0187223,42.6827885,Rock County,55105,55
-90.81291,43.94413,Monroe County,55081,55
-87.9065,43.0389,Milwaukee County,55079,55
-88.21,43.43,Washington County,55131,55
-87.7825,42.725833,Racine County,55101,55
-88.7323,42.8333,Walworth County,55127,55
-87.9064736,43.0389025,Milwaukee County,55079,55
-88.4154,44.2619,Outagamie County,55087,55
-88.01983,44.51916,Brown County,55009,55
-88.49,43.85,Fond du Lac County,55039,55
-89.412075,45.636623,Oneida County,55085,55
-89.574816,44.52347,Portage County,55097,55
-90.171799,44.668853,Wood County,55141,55
-89.12,44.32,Waupaca County,55135,55
-88.90124,45.569845,Forest County,55041,55
-89.1523353,45.140245,Langlade County,55067,55
-90.6333,44.5167,Clark County,55019,55
-91.32,44.86,Chippewa County,55017,55
-91.7382251,45.5060682,Barron County,55005,55
-92.7358,44.9713,St. Croix County,55109,55
-90.4775,42.734167,Grant County,55043,55
-91.14124,43.05165,Crawford County,55023,55
-87.906471,43.038902,Milwaukee County,55079,55
-87.8211854,42.5847425,Kenosha County,55059,55
-88.013056,44.513333,Brown County,55009,55
-87.377042,44.834164,Door County,55029,55
-90.185833,46.449722,Iron County,55051,55
-89.81546,44.20138,Adams County,55001,55
-88.94345,43.96804,Green Lake County,55047,55
-88.9434477,43.9680365,Green Lake County,55047,55
-90.897674,46.673989,Bayfield County,55007,55
-91.5015432,44.2527405,Trempealeau County,55121,55
-92.625,44.85861,Pierce County,55093,55
-91.498494,44.811349,Eau Claire County,55035,55
-92.36278,45.30972,Polk County,55095,55
-90.8837982,46.5924428,Ashland County,55003,55
-92.15,45.83,Burnett County,55013,55
-89.38417,43.07472,Dane County,55025,55
-90.15,43.38,Sauk County,55111,55
-89.467,43.55,Columbia County,55021,55
-88.238,43.01,Waukesha County,55133,55
-87.65,45.067,Marinette County,55075,55
-88.39,46.01,Iron County,26071,26
-88.7652,44.7869,Shawano County,55115,55
-91.9306,44.8986,Dunn County,55033,55
-88.7,43.2,Dodge County,55027,55
-90.063,44.034,Juneau County,55057,55
-90.1301237,42.9602743,Iowa County,55049,55
-88.566,44.021,Winnebago County,55139,55
-87.62,44.95,Marinette County,55075,55
-89.36,45.93,Vilas County,55125,55
-90.75,45.28,Taylor County,55119,55
-87.73,43.75,Sheboygan County,55117,55
-90.44861,45.93472,Price County,55099,55
-89.6384532,42.6011194,Green County,55045,55
-90.82,44.28,Jackson County,55053,55
-90.6359,42.7356,Grant County,55043,55
-89.40123,43.073051,Dane County,55025,55
-88.84,43.46,Dodge County,55027,55
-87.6633,44.0869,Manitowoc County,55071,55
-87.442342,44.608226,Kewaunee County,55061,55
-89.63012,44.95913,Marathon County,55073,55
-91.492,44.812,Eau Claire County,55035,55
-90.6756,45.9392,Price County,55099,55
-92.084,46.615,Douglas County,55031,55
-90.31,42.54,Lafayette County,55065,55
-89.69559,45.182569,Lincoln County,55069,55
-88.04,44.07,Manitowoc County,55071,55
-92.59,44.59,Goodhue County,27049,27
-91.46,46.03,Sawyer County,55113,55
-89.5758,43.6608,Marquette County,55077,55
-88.6348264,44.88331556,Menominee County,55078,55
-97.93,35.052,Grady County,40051,40
-77.0731,37.3436,Charles City County,51036,51
-79.9414,37.2706,Roanoke city,51770,51
-77.79,38.71,Fauquier County,51061,51
-96.39278,36.42167,Osage County,40113,40
-95.992,36.153,Tulsa County,40143,40
-97.087,36.734,Kay County,40071,40
-98.39,34.61,Comanche County,40031,40
-97.77,35.51,Canadian County,40017,40
-97.1495,34.1725,Carter County,40019,40
-97.878,36.395,Garfield County,40047,40
-97.0925,34.6647,Garvin County,40049,40
-97.997536,34.1670371,Jefferson County,40067,40
-96.83,34.35,Johnston County,40069,40
-97.06,36.13,Payne County,40119,40
-97.445,35.235,Cleveland County,40027,40
-94.6167,35.0667,Le Flore County,40079,40
-99.77278,36.13444,Ellis County,40045,40
-98.245,35.056,Caddo County,40015,40
-95.97,35.631,Okmulgee County,40111,40
-97.5,34.76,Garvin County,40049,40
-94.627304,35.819485,Adair County,40001,40
-98.41694,35.84944,Blaine County,40011,40
-98.9044,36.8987,Woods County,40151,40
-98.308,34.36,Cotton County,40033,40
-95.15,36.63,Craig County,40035,40
-96.88972,35.71472,Lincoln County,40081,40
-98.4798009,36.2689248,Major County,40093,40
-96.97528,34.50917,Murray County,40099,40
-97.29,36.32,Noble County,40103,40
-95.7693,34.9187,Pittsburg County,40121,40
-94.76932,36.593457,Delaware County,40041,40
-96.66,34.75,Pontotoc County,40123,40
-95.63,36.31,Rogers County,40131,40
-101.4815493,36.6828041,Texas County,40139,40
-99.25,34.88,Kiowa County,40075,40
-99.6583,36.4333,Ellis County,40045,40
-96.29972,35.42917,Okfuskee County,40107,40
-97.51643,35.46756,Oklahoma County,40109,40
-94.9494,35.9447,Cherokee County,40021,40
-99.6,35.4,Beckham County,40009,40
-96.38,34.0,Bryan County,40013,40
-95.6,34.0,Choctaw County,40023,40
-102.56,36.75,Cimarron County,40025,40
-95.25,36.39,Mayes County,40097,40
-95.37,35.75,Muskogee County,40101,40
-96.5419,35.2176,Seminole County,40133,40
-94.762,35.431,Sequoyah County,40135,40
-100.5667,36.8333,Beaver County,40007,40
-95.95944,36.74722,Washington County,40147,40
-97.059,36.136,Payne County,40119,40
-96.75,34.3,Johnston County,40069,40
-96.8764,35.3275,Pottawatomie County,40125,40
-96.7716691,34.0903752,Marshall County,40095,40
-94.88,33.93,McCurtain County,40089,40
-95.661586,35.963155,Wagoner County,40145,40
-99.17,35.48,Custer County,40039,40
-99.01444,34.3925,Tillman County,40141,40
-96.12,35.99,Creek County,40037,40
-95.64,34.2,Pushmataha County,40127,40
-96.24,35.06,Hughes County,40063,40
-99.912046,34.688395,Harmon County,40057,40
-95.0863,35.2708,Haskell County,40061,40
-77.2497049,38.6581722,Prince William County,51153,51
-95.1333,34.6667,Pushmataha County,40127,40
-97.93,36.87,Grant County,40053,40
-96.1113,34.0592,Bryan County,40013,40
-95.53,35.29,McIntosh County,40091,40
-99.50389,34.87861,Greer County,40055,40
-97.96,35.86,Kingfisher County,40073,40
-96.47167,36.31222,Pawnee County,40117,40
-97.98,34.5,Stephens County,40137,40
-75.38,37.95,Accomack County,51001,51
-80.11,37.12,Franklin County,51067,51
-98.68528,35.53778,Custer County,40039,40
-97.59944,35.24028,McClain County,40087,40
-81.51704,36.83403,Smyth County,51173,51
-94.8706,36.8906,Ottawa County,40115,40
-99.92,35.56,Roger Mills County,40129,40
-77.5636015,39.1156615,Loudoun County,51107,51
-77.303,38.844,Fairfax city,51600,51
-95.7,36.65,Nowata County,40105,40
-99.34,34.4,Wilbarger County,48487,48
-79.033638,38.030136,Augusta County,51015,51
-80.734612,36.762794,Carroll County,51035,51
-98.92556,36.15194,Dewey County,40043,40
-79.86,36.69,Martinsville city,51690,51
-77.9805579,37.3429281,Amelia County,51007,51
-79.8919774,36.9976403,Franklin County,51067,51
-78.63417,37.05694,Charlotte County,51037,51
-78.479,38.0299,Charlottesville city,51540,51
-77.9,36.83,Brunswick County,51025,51
-79.071693,38.149574,Staunton city,51790,51
-77.88528,37.68444,Goochland County,51075,51
-82.080131,36.900942,Russell County,51167,51
-76.3125,36.7275,Chesapeake city,51550,51
-99.89667,36.70528,Harper County,40059,40
-76.5021,37.2392,York County,51199,51
-79.44278,37.78389,Lexington city,51678,51
-97.63,36.79,Grant County,40053,40
-77.5525,38.0175,Caroline County,51033,51
-77.7230492,36.9868155,Dinwiddie County,51053,51
-79.90444,37.36111,Botetourt County,51023,51
-76.7963566,37.5315303,King William County,51101,51
-78.901398,36.69875,Halifax County,51083,51
-77.43583,37.35333,Chesterfield County,51041,51
-78.128886,36.726532,Mecklenburg County,51117,51
-77.4347,37.5407,Richmond city,51760,51
-76.7136,37.2709,Williamsburg city,51830,51
-78.0,38.7,Rappahannock County,51157,51
-77.108333,38.880278,Arlington County,51013,51
-79.96,37.8,Alleghany County,51005,51
-77.18444,38.26806,King George County,51099,51
-78.5,38.65,Page County,51139,51
-79.52,37.33,Bedford County,51019,51
-76.96556,37.22722,Surry County,51181,51
-77.5875,38.20194,Spotsylvania County,51177,51
-78.254,38.425,Madison County,51113,51
-81.06,36.93,Wythe County,51197,51
-76.8775,37.67,King and Queen County,51097,51
-81.534,37.133,Tazewell County,51185,51
-75.977,36.8529,Virginia Beach city,51810,51
-77.54,36.69,Emporia city,51595,51
-81.14917,36.6275,Grayson County,51077,51
-78.8689,38.4496,Harrisonburg city,51660,51
-79.1233333,37.4308333,Amherst County,51009,51
-82.1888089,36.595141,Sullivan County,47163,47
-76.2852,36.8469,Norfolk city,51710,51
-75.66,37.63,Accomack County,51001,51
-77.999,38.026,Louisa County,51109,51
-77.97,39.143,Clarke County,51043,51
-81.9739,36.7083,Washington County,51191,51
-80.772193,37.050094,Pulaski County,51155,51
-77.470778,38.301829,Fredericksburg city,51630,51
-80.66,37.33,Giles County,51071,51
-78.45889,37.54167,Buckingham County,51029,51
-76.615,36.999,Isle of Wight County,51093,51
-76.5,37.41,Gloucester County,51073,51
-76.8591301,37.9254135,Essex County,51057,51
-80.054764,37.293468,Salem city,51775,51
-77.47722,37.75944,Hanover County,51085,51
-82.774471,36.867165,Wise County,51195,51
-78.7,37.4,Appomattox County,51011,51
-79.385,36.585,Danville city,51590,51
-77.3,37.18,Prince George County,51149,51
-76.38167,37.7125,Lancaster County,51103,51
-79.83222,37.99972,Bath County,51017,51
-76.97889,37.51778,New Kent County,51127,51
-77.436,37.5407,Richmond city,51760,51
-82.17,37.24,Buchanan County,51027,51
-80.4175,37.2305,Montgomery County,51121,51
-78.392,37.431,Cumberland County,51049,51
-77.33278,37.235,Prince George County,51149,51
-83.02944,36.75667,Lee County,51105,51
-78.1633341,39.1856597,Winchester city,51840,51
-78.4,38.11,Albemarle County,51003,51
-78.358616,38.9887199,Shenandoah County,51171,51
-79.89528,37.27806,Roanoke County,51161,51
-78.09,38.2621,Orange County,51137,51
-76.33694,37.55472,Middlesex County,51119,51
-78.41,38.26,Greene County,51079,51
-77.435,37.5407,Richmond city,51760,51
-82.4559846,37.1501067,Dickenson County,51051,51
-76.4888229824774,37.08835384298,Newport News city,51700,51
-77.38417,38.45861,Stafford County,51179,51
-79.1439,37.4139,Lynchburg city,51680,51
-80.15,37.6,Alleghany County,51005,51
-79.24778,37.33139,Campbell County,51031,51
-77.401924,37.227928,Petersburg city,51730,51
-82.5809876,36.6378774,Scott County,51169,51
-81.80611,37.09444,Tazewell County,51185,51
-76.2853,36.8468,Norfolk city,51710,51
-77.047,38.805,Alexandria city,51510,51
-76.95,36.66,Southampton County,51175,51
-76.4333,37.0833,Hampton city,51650,51
-78.1953,38.9365,Warren County,51187,51
-76.298271,36.835426,Portsmouth city,51740,51
-76.34444,37.02639,Hampton city,51650,51
-76.96,38.32,Charles County,24017,24
-78.33,37.46,Cumberland County,51049,51
-77.3860976,38.9695545,Fairfax County,51059,51
-79.39502,36.58597,Danville city,51590,51
-80.1225,36.5975,Patrick County,51141,51
-78.88,37.75,Nelson County,51125,51
-78.2,38.93,Warren County,51187,51
-82.629046,36.933433,Norton city,51720,51
-79.8725386,36.6915262,Martinsville city,51690,51
-78.45,38.663,Page County,51139,51
-79.236,37.7851,Amherst County,51009,51
-77.91889,37.54222,Powhatan County,51145,51
-79.52,38.66,Pendleton County,54071,54
-78.02,37.07,Nottoway County,51135,51
-78.90333,36.70778,Halifax County,51083,51
-76.609881,36.741347,Suffolk city,51800,51
-76.28,37.58,,,
-76.27583,37.84194,Northumberland County,51133,51
-80.414,37.23,Montgomery County,51121,51
-79.285579,37.1118094,Campbell County,51031,51
-78.225,36.99333,Lunenburg County,51111,51
-77.479722,37.758889,Hanover County,51085,51
-77.2872001,37.3043154,Hopewell city,51670,51
-84.94,34.5,Gordon County,13129,13
-83.63,34.14,Jackson County,13157,13
-84.8,33.39,Coweta County,13077,13
-82.12778,33.5375,Columbia County,13073,13
-82.4623557,31.5393701,Bacon County,13005,13
-81.39,32.18,Effingham County,13103,13
-84.02722,32.30278,Macon County,13193,13
-84.3885,33.7501,Fulton County,13121,13
-83.66,32.64,Houston County,13153,13
-84.85389,32.86472,Harris County,13145,13
-82.047,33.069,Burke County,13033,13
-83.43,34.85,Rabun County,13241,13
-83.32,34.58,Stephens County,13257,13
-84.52,34.145,Cherokee County,13057,13
-82.637,31.847,Jeff Davis County,13161,13
-82.352,31.205,Ware County,13299,13
-84.95,34.5,Gordon County,13129,13
-81.7483,32.4526,Bulloch County,13031,13
-83.8333,34.3,Hall County,13139,13
-83.66,32.53,Houston County,13153,13
-82.0106,33.4733,Richmond County,13245,13
-84.34,33.62,Clayton County,13063,13
-83.63,31.64,Turner County,13287,13
-83.065,30.906,Lowndes County,13185,13
-81.338,31.959,Bryan County,13029,13
-83.185,33.3144,Putnam County,13237,13
-83.75,34.0,Barrow County,13013,13
-82.23,32.29,Toombs County,13279,13
-85.0558,33.0334,Troup County,13285,13
-81.86,31.55,Wayne County,13305,13
-83.99,33.66,Rockdale County,13247,13
-85.32,34.69,Walker County,13295,13
-84.9876,32.4612,Muscogee County,13215,13
-83.53111,34.51694,Habersham County,13137,13
-83.734,34.59,White County,13311,13
-84.388,33.749,Fulton County,13121,13
-83.3576,33.9519,Clarke County,13059,13
-84.25,31.96,Sumter County,13261,13
-83.6329,32.8404,Bibb County,13021,13
-82.26,31.21,Brantley County,13025,13
-82.9403,32.4338,Laurens County,13175,13
-82.2333,31.2833,Pierce County,13229,13
-82.7552,31.0305,Clinch County,13065,13
-82.89,33.71,Wilkes County,13317,13
-84.38407897949219,33.75918197631836,Fulton County,13121,13
-84.52,34.68,Gilmer County,13123,13
-84.5486,33.9526,Cobb County,13067,13
-83.683229,33.304848,Jasper County,13159,13
-81.6,31.84,Liberty County,13179,13
-82.862,31.954,Telfair County,13271,13
-84.8667,32.0333,Stewart County,13259,13
-84.08,34.44,Dawson County,13085,13
-83.46111,34.20639,Jackson County,13157,13
-84.0119,31.1813,Mitchell County,13205,13
-82.87,31.49,Coffee County,13069,13
-84.43656921386719,33.67982864379883,Fulton County,13121,13
-84.6175,32.85611,Meriwether County,13199,13
-81.95,32.5,Bulloch County,13031,13
-84.2382482,32.5570898,Taylor County,13269,13
-84.46289825439453,33.63967514038086,Fulton County,13121,13
-82.92,33.01,Washington County,13303,13
-81.69,30.8,Camden County,13039,13
-84.42718505859375,33.68056869506836,Fulton County,13121,13
-84.0333,33.9667,Gwinnett County,13135,13
-83.08,30.86,Lowndes County,13185,13
-85.2333,34.0333,Polk County,13233,13
-84.58,32.65,Talbot County,13263,13
-84.40724182128906,33.639747619628906,Clayton County,13063,13
-85.6328,34.8722,Jackson County,01071,01
-82.5,33.0,Jefferson County,13163,13
-82.56,32.46,Treutlen County,13283,13
-84.5,32.36,Marion County,13197,13
-83.8,32.189,Dooly County,13093,13
-81.4341,31.3836,McIntosh County,13191,13
-81.0917,32.0809,Chatham County,13051,13
-84.13917,34.20694,Forsyth County,13117,13
-84.24,32.07,Sumter County,13261,13
-81.4792,31.2753,Glynn County,13127,13
-82.8833,33.2667,Hancock County,13141,13
-83.4,33.58,Morgan County,13211,13
-83.93,33.23,Butts County,13035,13
-84.3717,30.9631,Grady County,13131,13
-83.779,31.0705,Colquitt County,13071,13
-84.8883,34.199,Bartow County,13015,13
-81.9040047,32.1615815,Evans County,13109,13
-83.339722,32.683889,Twiggs County,13289,13
-84.2833,33.2667,Spalding County,13255,13
-83.28,30.83,Lowndes County,13185,13
-82.9,34.1,Elbert County,13105,13
-84.0132433,32.7218072,Crawford County,13079,13
-82.48,32.22,Montgomery County,13209,13
-84.77889,34.77222,Murray County,13213,13
-84.88,33.93,Paulding County,13223,13
-83.234,33.084,Baldwin County,13009,13
-84.43770599365234,33.743690490722656,Fulton County,13121,13
-83.7667,31.95,Crisp County,13081,13
-84.37397003173828,33.75636672973633,Fulton County,13121,13
-83.1254261,34.0637227,Madison County,13195,13
-84.978,31.404,Early County,13099,13
-82.96,34.35,Hart County,13147,13
-85.07,33.58,Carroll County,13045,13
-84.7893658,31.7712748,Randolph County,13243,13
-83.10639,34.43611,Franklin County,13119,13
-85.3059,34.9673,Walker County,13295,13
-83.0492,32.3833,Laurens County,13175,13
-84.2167,30.9333,Grady County,13131,13
-82.0098375,30.8305102,Charlton County,13049,13
-84.35498809814453,33.91557312011719,Fulton County,13121,13
-82.852827,31.298368,Atkinson County,13003,13
-84.2408,33.5486,Henry County,13151,13
-84.324,33.867,DeKalb County,13089,13
-81.94928,32.80405,Jenkins County,13165,13
-84.48444366455078,33.90985870361328,Cobb County,13067,13
-83.7,33.76,Walton County,13297,13
-83.425944,31.138466,Cook County,13075,13
-82.01,32.28,Candler County,13043,13
-83.05,32.18,Dodge County,13091,13
-84.42607116699219,33.61640930175781,Clayton County,13063,13
-82.21,32.41,Emanuel County,13107,13
-84.16,31.59,Dougherty County,13095,13
-85.132,34.7647,Whitfield County,13313,13
-82.5,33.58,McDuffie County,13189,13
-82.47902,33.79235,Lincoln County,13181,13
-85.3045,34.9523,Walker County,13295,13
-84.3913345336914,33.75392532348633,Fulton County,13121,13
-85.44,33.7,Cleburne County,01029,01
-83.8361,31.5314,Worth County,13321,13
-84.3507080078125,33.81850051879883,Fulton County,13121,13
-83.44,33.85,Oconee County,13219,13
-83.862,33.597,Newton County,13217,13
-84.3267,34.8713,Fannin County,13111,13
-84.41958618164062,33.723854064941406,Fulton County,13121,13
-84.03,33.04,Monroe County,13207,13
-82.6628,33.407084,Warren County,13301,13
-83.02778,30.70306,Echols County,13101,13
-82.3475,31.77528,Appling County,13001,13
-84.29720306396484,33.77406311035156,DeKalb County,13089,13
-84.53833,32.06083,Webster County,13307,13
-84.17,33.056,Lamar County,13171,13
-83.54,31.46,Tift County,13277,13
-84.75,33.75,Douglas County,13097,13
-82.71986,32.72933,Johnson County,13167,13
-84.30944,32.23889,Schley County,13249,13
-85.1892,34.2541,Floyd County,13115,13
-84.4182357788086,33.64044570922852,Clayton County,13063,13
-83.98,34.53,Lumpkin County,13187,13
-83.872,30.844,Thomas County,13275,13
-84.84,32.32,Chattahoochee County,13053,13
-83.339,30.843,Lowndes County,13185,13
-84.446761,31.773591,Terrell County,13273,13
-83.24,31.64,Irwin County,13155,13
-85.04833,31.61417,Clay County,13061,13
-83.33528,32.88583,Wilkinson County,13319,13
-82.9786,33.7769,Wilkes County,13317,13
-84.45645141601562,33.62434387207031,Clayton County,13063,13
-72.70234680175781,41.76905059814453,Capitol Planning Region,09110,09
-85.0979973,33.2776182,Heard County,13149,13
-83.8,33.0,Monroe County,13207,13
-84.493408203125,33.65667724609375,Fulton County,13121,13
-84.22992706298828,33.76971435546875,DeKalb County,13089,13
-83.196,31.995,Dodge County,13091,13
-84.44721221923828,33.68517303466797,Fulton County,13121,13
-84.40616607666016,33.6602897644043,Fulton County,13121,13
-84.3426997,33.1023454,Pike County,13231,13
-84.4097900390625,33.6245231628418,Clayton County,13063,13
-85.107431,31.884605,Quitman County,13239,13
-84.39404296875,33.763309478759766,Fulton County,13121,13
-84.42962646484375,33.624977111816406,Clayton County,13063,13
-84.38801574707031,33.760337829589844,Fulton County,13121,13
-84.3998031616211,33.76739883422852,Fulton County,13121,13
-84.47261047363281,33.75309371948242,Fulton County,13121,13
-84.3551254272461,33.75154495239258,Fulton County,13121,13
-84.37564086914062,33.74992752075195,Fulton County,13121,13
-84.48450469970703,33.59636688232422,Fulton County,13121,13
-83.199,33.433,Greene County,13133,13
-84.47005462646484,33.754642486572266,Fulton County,13121,13
-84.35225677490234,33.93085861206055,Fulton County,13121,13
-83.1833,31.6667,Ben Hill County,13017,13
-83.15528,33.88333,Oglethorpe County,13221,13
-84.42854309082031,33.67732620239258,Fulton County,13121,13
-82.595301,33.232737,Glascock County,13125,13
-84.3729248046875,33.74612045288086,Fulton County,13121,13
-84.39700317382812,33.750431060791016,Fulton County,13121,13
-84.36412048339844,33.75376510620117,Fulton County,13121,13
-82.66,32.38,Treutlen County,13283,13
-84.35875701904297,33.84529495239258,Fulton County,13121,13
-84.5167,34.4667,Pickens County,13227,13
-84.8833,31.0333,Seminole County,13253,13
-84.38760375976562,33.765525817871094,Fulton County,13121,13
-84.33952331542969,33.85968780517578,DeKalb County,13089,13
-72.37626647949219,41.29579162597656,Lower Connecticut River Valley Planning Region,09130,09
-84.47019958496094,33.61759948730469,Fulton County,13121,13
-83.751112,34.892632,Towns County,13281,13
-87.6303482055664,41.88399124145508,Cook County,17031,17
-84.39177703857422,33.748573303222656,Fulton County,13121,13
-84.33944,31.31667,Baker County,13007,13
-84.37200164794922,33.849300384521484,Fulton County,13121,13
-84.38969421386719,33.75403594970703,Fulton County,13121,13
-84.59259033203125,34.055538177490234,Cobb County,13067,13
-118.34481048583984,34.07599258422852,Los Angeles County,06037,06
-84.43553924560547,33.659793853759766,Fulton County,13121,13
-86.48576354980469,36.96453094482422,Warren County,21227,21
-83.947,34.872,Union County,13291,13
-84.3347396850586,33.96968078613281,DeKalb County,13089,13
-84.3425,32.8675,Upson County,13293,13
-87.48125457763672,36.88435745239258,Christian County,21047,21
-84.42890930175781,33.77248764038086,Fulton County,13121,13
-83.6,32.35,Houston County,13153,13
-84.633,33.533,Fulton County,13121,13
-84.3956527709961,33.74862289428711,Fulton County,13121,13
-84.50003814697266,33.787960052490234,Fulton County,13121,13
-84.38300323486328,33.78764724731445,Fulton County,13121,13
-110.96920776367188,32.18913650512695,Pima County,04019,04
-88.260498046875,37.0260009765625,Livingston County,21139,21
-90.74810028076172,33.755699157714844,Bolivar County,28011,28
-92.93233489990234,44.946250915527344,Washington County,27163,27
-81.09526062011719,32.075645446777344,Chatham County,13051,13
-95.64583587646484,29.870790481567383,Harris County,48201,48
-122.3951416015625,37.79739761352539,San Francisco County,06075,06
-122.12896728515624,37.63964080810547,Alameda County,06001,06
-87.8414306640625,42.37559509277344,Lake County,17097,17
-94.16059112548828,30.066814422607425,Jefferson County,48245,48
-71.97782135009766,41.376991271972656,Southeastern Connecticut Planning Region,09180,09
-74.16744232177734,40.90256118774414,Passaic County,34031,34
-75.8634033203125,41.24530029296875,Luzerne County,42079,42
-112.07052612304688,33.4505729675293,Maricopa County,04013,04
-93.13695526123048,35.279727935791016,Pope County,05115,05
-87.87850952148438,37.1098861694336,Caldwell County,21033,21
-83.80982971191406,39.92466354370117,Clark County,39023,39
-92.3936004638672,34.73920822143555,Pulaski County,05119,05
-80.72537994384766,40.05903244018555,Ohio County,54069,54
-81.742336,31.707992,Long County,13183,13
-76.70084381103516,40.01435470581055,York County,42133,42
-82.41919708251953,38.42610168457031,Cabell County,54011,54
-85.47440338134766,43.37908554077149,Montcalm County,26117,26
-121.44200134277344,38.65620040893555,Sacramento County,06067,06
-97.45130157470705,35.610801696777344,Oklahoma County,40109,40
-82.672806,32.181165,Wheeler County,13309,13
-98.66560363769533,29.443029403686523,Bexar County,48029,48
-85.41056,44.89694,Antrim County,26009,26
-110.9908218383789,32.22854995727539,Pima County,04019,04
-85.34,42.6,Barry County,26015,26
-86.27,41.83,Berrien County,26021,26
-84.62,42.99,Clinton County,26037,26
-85.1905,42.3248,Calhoun County,26025,26
-83.03,42.52,Macomb County,26099,26
-88.2519,46.0217,Iron County,26071,26
-85.04,42.99,Ionia County,26067,26
-84.98,45.36,Emmet County,26047,26
-83.6897,43.0125,Genesee County,26049,26
-85.61,44.76,Grand Traverse County,26055,26
-83.1784,42.6056,Oakland County,26125,26
-84.66,43.39,Gratiot County,26057,26
-88.6,47.14,Houghton County,26061,26
-83.021,43.818,Huron County,26063,26
-86.11,42.78,Ottawa County,26139,26
-87.4,46.54,Marquette County,26103,26
-87.6333,45.1333,Menominee County,26109,26
-83.4356,41.9167,Monroe County,26115,26
-82.45552062988281,34.87971496582031,Greenville County,45045,45
-83.29469,44.6564,Alcona County,26001,26
-84.1438927,45.0047306,Montmorency County,26119,26
-86.27361,42.40306,Van Buren County,26159,26
-78.87030792236328,42.87017822265625,Erie County,36029,36
-84.41,42.25,Jackson County,26075,26
-85.2150455,44.3352872,Missaukee County,26113,26
-84.642,45.003,Otsego County,26137,26
-83.7667,45.3667,Presque Isle County,26141,26
-82.53361,43.26861,Sanilac County,26151,26
-84.53579711914062,42.7028923034668,Ingham County,26065,26
-80.71890258789062,32.45830154418945,Beaufort County,45013,45
-83.045753,42.331427,Wayne County,26163,26
-86.27,44.25,Manistee County,26101,26
-84.556,42.7325,Ingham County,26065,26
-84.76861,43.81944,Clare County,26035,26
-86.68,46.42,Alger County,26003,26
-85.986,42.545,Allegan County,26005,26
-83.8892,43.5933,Bay County,26017,26
-85.32350158691406,31.35689926147461,Henry County,01067,01
-84.33,46.5,Chippewa County,26033,26
-85.6681,42.9634,Kent County,26081,26
-92.45370483398438,42.48866653442383,Black Hawk County,19013,19
-84.66,44.65,Crawford County,26039,26
-87.04,45.75,Delta County,26041,26
-84.88,42.54,Eaton County,26045,26
-85.9434,44.2972,Manistee County,26101,26
-84.4864,43.98085,Gladwin County,26051,26
-90.41,46.46,Iron County,55051,55
-112.10369110107422,33.71035385131836,Maricopa County,04013,04
-85.5872,42.2964,Kalamazoo County,26077,26
-122.72350311279295,38.46572494506836,Sonoma County,06097,06
-93.2664031982422,44.97869873046875,Hennepin County,27053,27
-98.495849609375,29.42499732971192,Bexar County,48029,48
-83.94,42.6,Livingston County,26093,26
-83.43,45.05,Alpena County,26007,26
-84.74,45.86,Mackinac County,26097,26
-110.97911071777344,32.22328186035156,Pima County,04019,04
-122.3006362915039,47.58554458618164,King County,53033,53
-86.4305,43.9463,Mason County,26105,26
-92.49030303955078,34.582698822021484,Saline County,05125,05
-84.0514,44.2833,Ogemaw County,26129,26
-84.53,45.66,Cheboygan County,26031,26
-86.36583,43.69944,Oceana County,26127,26
-85.5,43.66,Mecosta County,26107,26
-85.186,43.99,Osceola County,26133,26
-80.66644287109375,40.05463409423828,Ohio County,54069,54
-83.53,44.66,Alcona County,26001,26
-78.9997329711914,40.96128082275391,Jefferson County,42065,42
-84.7,44.3,Roscommon County,26143,26
-86.25,46.05,Schoolcraft County,26153,26
-82.54,42.97,St. Clair County,26147,26
-85.43,41.8,St. Joseph County,26149,26
-83.43,43.41,Tuscola County,26157,26
-83.743611,42.281389,Washtenaw County,26161,26
-83.2955893708765,42.3725847141163,Wayne County,26163,26
-79.96949768066406,39.64929962158203,Monongalia County,54061,54
-80.31282043457031,25.80730056762696,Miami-Dade County,12086,12
-83.4902519,44.2794611,Iosco County,26069,26
-88.64056,46.09639,Iron County,26071,26
-93.16441345214844,44.9751205444336,Ramsey County,27123,27
-83.95,43.43,Saginaw County,26145,26
-72.92994689941406,41.30995941162109,South Central Connecticut Planning Region,09170,09
-84.39613342285156,33.80795669555664,Fulton County,13121,13
-122.2558364868164,47.459205627441406,King County,53033,53
-80.94579315185547,37.97981643676758,Fayette County,54019,54
-93.97566986083984,42.36845779418945,Webster County,19187,19
-86.121,41.959,Cass County,26027,26
-84.765,43.603,Isabella County,26073,26
-83.322,43.049,Lapeer County,26087,26
-85.63861,44.78306,Leelanau County,26089,26
-79.14435577392578,37.41769409179688,Lynchburg city,51680,51
-86.32,44.25,Manistee County,26101,26
-86.2797,43.26,Muskegon County,26121,26
-89.31278,46.87083,Ontonagon County,26131,26
-84.745,42.993,Clinton County,26037,26
-76.55049896240234,40.02330017089844,York County,42133,42
-80.09629821777344,26.19229316711425,Broward County,12011,12
-119.87206268310548,34.42756271362305,Santa Barbara County,06083,06
-83.915,44.057,Arenac County,26011,26
-85.0075,41.8914,Branch County,26023,26
-84.00736999511719,35.75531005859375,Blount County,47009,47
-122.75011444091795,38.444374084472656,Sonoma County,06097,06
-79.99579620361328,40.44316864013672,Allegheny County,42003,42
-121.07020568847656,37.72309112548828,Stanislaus County,06099,06
-78.76282501220703,39.6370849609375,Allegany County,24001,24
-98.12889862060548,29.699199676513672,Comal County,48091,48
-84.25,43.6167,Midland County,26111,26
-105.0746612548828,40.58661651611328,Larimer County,08069,08
-85.41,43.23,Kent County,26081,26
-91.07261657714844,31.70106315612793,Jefferson County,28063,28
-95.40550231933594,29.714099884033203,Harris County,48201,48
-84.05,41.89,Lenawee County,26091,26
-76.15394592285156,41.77153015136719,Bradford County,42015,42
-87.43009948730469,46.54607391357422,Marquette County,26103,26
-121.79493713378906,36.65525817871094,Monterey County,06053,06
-85.01389,45.21222,Charlevoix County,26029,26
-80.75975799560547,35.3570442199707,Mecklenburg County,37119,37
-117.1625518798828,32.71799087524414,San Diego County,06073,06
-117.27839660644533,33.934722900390625,Riverside County,06065,06
-83.04693603515625,42.33191680908203,Wayne County,26163,26
-92.77429962158205,42.36082458496094,Grundy County,19075,19
-84.5128402709961,39.100135803222656,Hamilton County,39061,39
-73.42778015136719,41.1466178894043,Western Connecticut Planning Region,09190,09
-83.81095886230469,39.92198181152344,Clark County,39023,39
-82.32571411132812,29.66967010498047,Alachua County,12001,12
-88.49611,46.77667,Baraga County,26013,26
-97.08950805664062,28.05268669128418,Aransas County,48007,48
-86.40137481689453,35.80498123168945,Rutherford County,47149,47
-80.00115203857422,40.43769073486328,Allegheny County,42003,42
-85.0833,46.5,Chippewa County,26033,26
-85.75880432128906,38.25536346435547,Jefferson County,21111,21
-93.59172058105467,41.5843505859375,Polk County,19153,19
-86.24,44.59,Benzie County,26019,26
-117.16686248779295,32.71759796142578,San Diego County,06073,06
-118.25119018554688,34.04113006591797,Los Angeles County,06037,06
-92.0934066772461,46.78322982788086,St. Louis County,27137,27
-84.22640991210938,33.66648483276367,DeKalb County,13089,13
-106.55030059814452,35.10887908935547,Bernalillo County,35001,35
-97.78194427490234,30.264619827270508,Travis County,48453,48
-75.56468963623047,39.71548080444336,New Castle County,10003,10
-93.76055145263672,41.67902374267578,Polk County,19153,19
-71.05945587158203,42.42134094238281,Middlesex County,25017,25
-76.2281723022461,40.02788162231445,Lancaster County,42071,42
-81.7072525024414,26.27116203308105,Collier County,12021,12
-73.95164489746094,40.767459869384766,New York County,36061,36
-97.79944610595705,29.61470603942871,Guadalupe County,48187,48
-72.66474151611328,41.78619766235352,Capitol Planning Region,09110,09
-74.35408782958984,40.55342483520508,Middlesex County,34023,34
-98.10669708251952,29.67889976501465,Comal County,48091,48
-111.64070129394533,35.21039962768555,Coconino County,04005,04
-86.76592254638672,36.15351104736328,Davidson County,47037,47
-88.8158950805664,33.46306228637695,Oktibbeha County,28105,28
-97.87720489501952,29.988319396972656,Hays County,48209,48
-93.37127685546876,45.04448699951172,Hennepin County,27053,27
-72.67375946044922,41.76549530029297,Capitol Planning Region,09110,09
-71.55584716796875,41.48419189453125,Washington County,44009,44
-122.78822326660156,45.45109939575195,Washington County,41067,41
-89.0778579711914,42.301719665527344,Winnebago County,17201,17
-118.2601318359375,34.04566955566406,Los Angeles County,06037,06
-83.63890075683594,41.52719879150391,Wood County,39173,39
-122.42073059082033,37.791412353515625,San Francisco County,06075,06
-117.240234375,32.87997055053711,San Diego County,06073,06
-149.44178771972656,60.1318588256836,Kenai Peninsula Borough,02122,02
-121.99967956542967,37.82194519042969,Contra Costa County,06013,06
-112.07362365722656,33.447940826416016,Maricopa County,04013,04
-89.03512573242188,34.25288009643555,Pontotoc County,28115,28
-105.01973724365234,40.415130615234375,Larimer County,08069,08
-94.30047607421876,37.50543975830078,Barton County,29011,29
-95.63397216796876,29.761180877685547,Harris County,48201,48
-82.53460693359375,27.97638893127441,Hillsborough County,12057,12
-83.73690032958984,33.822898864746094,Walton County,13297,13
-87.63907623291016,41.70396423339844,Cook County,17031,17
-85.52040100097656,42.90620040893555,Kent County,26081,26
-72.63729858398438,41.37919998168945,South Central Connecticut Planning Region,09170,09
-85.95,43.46,Newaygo County,26123,26
-85.043,44.734,Kalkaska County,26079,26
-81.4344482421875,26.76053047180176,Hendry County,12051,12
-122.42782592773438,47.237300872802734,Pierce County,53053,53
-117.27546691894533,32.84685134887695,San Diego County,06073,06
-75.9283218383789,40.3394660949707,Berks County,42011,42
-111.91671752929688,33.41598129272461,Maricopa County,04013,04
-122.1807098388672,47.61582946777344,King County,53033,53
-90.13371276855467,42.96171951293945,Iowa County,55049,55
-85.58432006835938,42.29288101196289,Kalamazoo County,26077,26
-97.50298309326172,35.4921989440918,Oklahoma County,40109,40
-80.246337890625,26.029727935791016,Broward County,12011,12
-82.3897705078125,34.85176467895508,Greenville County,45045,45
-75.54720306396484,39.74509811401367,New Castle County,10003,10
-111.67625427246094,40.057395935058594,Utah County,49049,49
-72.71945190429688,41.6965217590332,Capitol Planning Region,09110,09
-72.6865005493164,41.9463996887207,Capitol Planning Region,09110,09
-122.26090240478516,37.50389862060547,San Mateo County,06081,06
-81.38452911376953,28.39249992370605,Orange County,12095,12
-78.8435287475586,42.86479949951172,Erie County,36029,36
-105.00118255615234,39.7513542175293,Denver County,08031,08
-78.32759857177734,35.81660079956055,Wake County,37183,37
-95.40325927734376,29.725948333740234,Harris County,48201,48
-80.23200225830078,26.08130073547364,Broward County,12011,12
-80.07807922363281,26.438459396362305,Palm Beach County,12099,12
-82.4775619506836,27.957637786865234,Hillsborough County,12057,12
-114.34701538085938,34.50807571411133,Mohave County,04015,04
-112.07992553710938,33.481876373291016,Maricopa County,04013,04
-82.54419708251953,27.336153030395508,Sarasota County,12115,12
-117.15438842773438,33.51512145996094,Riverside County,06065,06
-108.75201416015624,35.53123092651367,McKinley County,35031,35
-71.07919311523438,42.4271125793457,Middlesex County,25017,25
-81.64982604980469,41.50469970703125,Cuyahoga County,39035,39
-80.62825012207031,35.530372619628906,Rowan County,37159,37
-84.54854583740234,33.97269821166992,Cobb County,13067,13
-117.18605041503906,32.75099182128906,San Diego County,06073,06
-87.66999816894531,41.88370132446289,Cook County,17031,17
-97.36173248291016,27.659217834472656,Nueces County,48355,48
-95.98700714111328,36.750091552734375,Washington County,40147,40
-105.02110290527344,40.52566909790039,Larimer County,08069,08
-93.03773498535156,44.96229934692383,Ramsey County,27123,27
-96.56354522705078,39.179813385009766,Riley County,20161,20
-83.04499816894531,42.33583831787109,Wayne County,26163,26
-80.90519714355469,35.20489883422852,Mecklenburg County,37119,37
-76.97528076171875,38.98291397094727,Prince George's County,24033,24
-80.15512084960938,25.79426002502441,Miami-Dade County,12086,12
-84.23143768310547,35.99669647216797,Anderson County,47001,47
-76.30948638916016,40.03987503051758,Lancaster County,42071,42
-83.23519897460938,42.650001525878906,Oakland County,26125,26
-79.95722198486328,39.65337371826172,Monongalia County,54061,54
-71.84748077392578,42.75667190551758,Hillsborough County,33011,33
-95.29875946044922,32.32965850830078,Smith County,48423,48
-81.23207092285156,41.51456832885742,Geauga County,39055,39
-95.3739776611328,45.88425827026367,Douglas County,27041,27
-80.26504516601562,26.26636505126953,Broward County,12011,12
-96.80419921875,32.77511215209961,Dallas County,48113,48
-84.6299,41.9738,Hillsdale County,26059,26
-79.99620056152344,40.44070053100586,Allegheny County,42003,42
-98.10530090332033,29.69529914855957,,,
-74.1725082397461,40.741004943847656,Essex County,34013,34
-98.15155029296876,29.6801700592041,Comal County,48091,48
-76.61778259277344,39.4217529296875,Baltimore County,24005,24
-119.74329376220705,34.41957473754883,Santa Barbara County,06083,06
-93.50274658203124,41.60305404663086,Polk County,19153,19
-88.36472,47.30389,Keweenaw County,26083,26
-91.8525848388672,38.486270904541016,Osage County,29151,29
-112.07386016845705,33.5380973815918,Maricopa County,04013,04
-76.12738800048828,43.14469528198242,Onondaga County,36067,36
-83.80987548828125,39.92356872558594,Clark County,39023,39
-122.39544677734376,37.73385620117188,San Francisco County,06075,06
-95.01287841796876,41.40550994873047,Cass County,19029,19
-73.19637298583984,44.47574996948242,Chittenden County,50007,50
-82.4141616821289,28.061250686645508,Hillsborough County,12057,12
-87.7147216796875,41.94264221191406,Cook County,17031,17
-121.30332946777344,37.81135559082031,San Joaquin County,06077,06
-86.1502685546875,39.756622314453125,Marion County,18097,18
-117.4214324951172,47.65810775756836,Spokane County,53063,53
-83.71257019042969,42.30368041992188,Washtenaw County,26161,26
-122.6875,38.34429931640625,Sonoma County,06097,06
-80.70828247070312,28.394899368286133,Brevard County,12009,12
-122.80948638916016,45.49861526489258,Washington County,41067,41
-120.93762969970705,37.60226440429688,Stanislaus County,06099,06
-79.94519805908203,40.44329833984375,Allegheny County,42003,42
-82.39665985107422,34.8502197265625,Greenville County,45045,45
-79.91134643554688,40.49676132202149,Allegheny County,42003,42
-121.4567413330078,38.55606842041016,Sacramento County,06067,06
-91.64920806884766,41.80489730834961,Johnson County,19103,19
-94.32086944580078,37.1361198425293,Jasper County,29097,29
-70.13202667236328,41.666107177734375,Barnstable County,25001,25
-93.3700180053711,44.89891815185547,Hennepin County,27053,27
-84.45828247070312,33.87766647338867,Cobb County,13067,13
-117.91297912597656,33.83608627319336,Orange County,06059,06
-88.54060363769531,30.45241928100586,Jackson County,28059,28
-84.5505599975586,42.7321662902832,Ingham County,26065,26
-74.11394500732422,40.97665786743164,Bergen County,34003,34
-98.13965606689452,29.570066452026367,Guadalupe County,48187,48
-121.42120361328124,38.56079864501953,Sacramento County,06067,06
-95.35128021240234,28.94883918762207,Brazoria County,48039,48
-76.30049896240234,36.88309860229492,Norfolk city,51710,51
-95.4875717163086,29.706039428710938,Harris County,48201,48
-93.1834716796875,44.950340270996094,Ramsey County,27123,27
-110.89097595214844,32.26595687866211,Pima County,04019,04
-80.85420989990234,35.5490837097168,Iredell County,37097,37
-76.54349517822266,41.98249053955078,Bradford County,42015,42
-93.25340270996094,37.03340148925781,Christian County,29043,29
-72.6922378540039,41.766902923583984,Capitol Planning Region,09110,09
-79.9311294555664,40.45615005493164,Allegheny County,42003,42
-77.94583129882812,35.37392807006836,Wayne County,37191,37
-86.15919494628906,39.93931198120117,Hamilton County,18057,18
-93.27932739257812,44.94220733642578,Hennepin County,27053,27
-89.65740203857422,39.80009841918945,Sangamon County,17167,17
-71.06310272216797,42.365177154541016,Suffolk County,25025,25
-119.80242156982422,36.75740432739258,Fresno County,06019,06
-79.99589538574219,40.44427490234375,Allegheny County,42003,42
-112.03489685058594,40.49549865722656,Salt Lake County,49035,49
-93.47697448730467,44.72516250610352,Scott County,27139,27
-98.46585083007812,29.466846466064453,Bexar County,48029,48
-90.39969635009766,43.34629821777344,Richland County,55103,55
-93.61256408691406,41.64574432373047,Polk County,19153,19
-87.40789794921875,39.48710632324219,Vigo County,18167,18
-84.52490234375,35.341400146484375,McMinn County,47107,47
-85.7585678100586,38.25668716430664,Jefferson County,21111,21
-92.59040069580078,38.81510162353516,Cooper County,29053,29
-90.38059997558594,38.50949096679688,St. Louis County,29189,29
-147.71998596191406,64.8399887084961,Fairbanks North Star Borough,02090,02
-98.11910247802734,29.696134567260746,Comal County,48091,48
-122.67413330078124,38.34019088745117,Sonoma County,06097,06
-121.0864028930664,38.712398529052734,El Dorado County,06017,06
-93.45379638671876,35.74589920043945,Newton County,05101,05
-121.49420166015624,38.58269882202149,Sacramento County,06067,06
-121.13668060302734,38.67720031738281,Sacramento County,06067,06
-77.87879943847656,34.322601318359375,New Hanover County,37129,37
-95.54693603515624,29.779029846191406,Harris County,48201,48
-84.43512725830078,33.803829193115234,Fulton County,13121,13
-92.2917022705078,42.43569946289063,Black Hawk County,19013,19
-82.32807922363281,29.652219772338867,Alachua County,12001,12
-93.60394287109376,42.02333831787109,Story County,19169,19
-118.2397232055664,34.05658721923828,Los Angeles County,06037,06
-97.52457427978516,35.469417572021484,Oklahoma County,40109,40
-82.5096435546875,40.790489196777344,Richland County,39139,39
-94.33922576904295,39.03587341308594,Jackson County,29095,29
-80.15019989013672,26.091705322265625,Broward County,12011,12
-88.0430908203125,30.69443893432617,Mobile County,01097,01
-98.42711639404295,29.543062210083008,Bexar County,48029,48
-95.36067962646484,29.76150321960449,Harris County,48201,48
-74.16280364990234,40.8636474609375,Passaic County,34031,34
-75.28495025634766,40.240501403808594,Montgomery County,42091,42
-111.93729400634766,40.77203369140625,Salt Lake County,49035,49
-97.805908203125,30.339656829833984,Travis County,48453,48
-86.08123779296875,39.97768020629883,Hamilton County,18057,18
-112.01251220703124,33.60361862182617,Maricopa County,04013,04
-95.77631378173828,29.7777099609375,Harris County,48201,48
-80.03861236572266,40.424949645996094,Allegheny County,42003,42
-121.53558349609376,38.49864959716797,Sacramento County,06067,06
-86.66937255859375,36.13148880004883,Davidson County,47037,47
-88.54293060302734,42.6739387512207,Walworth County,55127,55
-74.00513458251953,40.7140007019043,New York County,36061,36
-79.74009704589844,40.12879943847656,Westmoreland County,42129,42
-87.98076629638672,42.13106918334961,Cook County,17031,17
-119.02009582519533,34.227054595947266,Ventura County,06111,06
-149.56866455078125,61.32738494873047,Anchorage Municipality,02020,02
-87.20805358886719,30.481840133666992,Escambia County,12033,12
-81.0326156616211,34.00882339477539,Richland County,45079,45
-117.96710968017578,33.832969665527344,Orange County,06059,06
-122.47225952148438,48.74983978271485,Whatcom County,53073,53
-86.7477035522461,36.11470031738281,Davidson County,47037,47
-93.86720275878906,41.61830139160156,Dallas County,19049,19
-83.76243591308594,31.954015731811523,Crisp County,13081,13
-90.3314971923828,32.33760070800781,Hinds County,28049,28
-95.22373962402344,30.072240829467773,Montgomery County,48339,48
-95.1805419921875,35.81363296508789,Cherokee County,40021,40
-92.10318756103516,32.519615173339844,Ouachita Parish,22073,22
-85.49720001220703,36.184200286865234,Putnam County,47141,47
-92.45613098144533,31.303510665893555,Rapides Parish,22079,22
-96.54222106933594,39.16798400878906,Riley County,20161,20
-87.9015121459961,41.85889434814453,Cook County,17031,17
-96.78943634033205,46.87751007080078,Cass County,38017,38
-93.47129821777344,45.24440002441406,Anoka County,27003,27
-92.48927307128906,42.72615051269531,Bremer County,19017,19
-122.33602142333984,47.578495025634766,King County,53033,53
-88.8941421508789,30.397254943847656,Harrison County,28047,28
-74.08535766601562,40.87377548217773,Bergen County,34003,34
-85.59162139892578,42.244140625,Kalamazoo County,26077,26
-71.33341217041016,41.97866439819336,Bristol County,25005,25
-82.23658752441406,28.022884368896484,Hillsborough County,12057,12
-76.11074829101562,40.09632110595703,Lancaster County,42071,42
-83.07919311523438,42.3301010131836,Wayne County,26163,26
-95.43609619140624,29.86370277404785,Harris County,48201,48
-121.49519348144533,38.581642150878906,Sacramento County,06067,06
-69.95740509033203,41.65845489501953,Barnstable County,25001,25
-93.26909637451172,44.98135757446289,Hennepin County,27053,27
-83.04509735107422,42.329776763916016,Wayne County,26163,26
-86.14715576171875,43.06509399414063,Ottawa County,26139,26
-81.63910675048828,30.344284057617188,Duval County,12031,12
-90.1811752319336,32.300148010253906,Hinds County,28049,28
-76.11471557617188,40.00440979003906,Lancaster County,42071,42
-77.1321029663086,38.86299896240234,Arlington County,51013,51
-91.18646240234376,30.449501037597656,East Baton Rouge Parish,22033,22
-95.38087463378906,29.768394470214844,Harris County,48201,48
-84.27845764160156,36.00824737548828,Anderson County,47001,47
-71.38790130615234,41.87852478027344,Providence County,44007,44
-118.15241241455078,34.130889892578125,Los Angeles County,06037,06
-118.19318389892578,33.80829620361328,Los Angeles County,06037,06
-110.91339874267578,32.2755012512207,Pima County,04019,04
-121.5353775024414,38.55229949951172,Yolo County,06113,06
-93.50432586669922,44.75239562988281,Scott County,27139,27
-75.66223907470703,39.69430541992188,New Castle County,10003,10
-80.26944732666016,26.07495307922364,Broward County,12011,12
-117.17682647705078,32.73529815673828,San Diego County,06073,06
-86.71520233154297,36.25749969482422,Davidson County,47037,47
-77.26930236816406,39.15250015258789,Montgomery County,24031,24
-118.26689910888672,34.03519821166992,Los Angeles County,06037,06
-93.43341064453124,36.335594177246094,Carroll County,05015,05
-83.47923278808594,41.71342468261719,Lucas County,39095,39
-75.28732299804688,40.699649810791016,Northampton County,42095,42
-75.54810333251953,39.11405944824219,Kent County,10001,10
-85.76112365722656,38.25694274902344,Jefferson County,21111,21
-111.92467498779295,33.5656623840332,Maricopa County,04013,04
-95.39783477783205,29.738994598388672,Harris County,48201,48
-105.28003692626952,40.01927185058594,Boulder County,08013,08
-117.14694213867188,32.9063720703125,San Diego County,06073,06
-78.91130065917969,35.99209976196289,Durham County,37063,37
-81.65352630615234,30.36922073364257,Duval County,12031,12
-117.27603149414062,33.592559814453125,Riverside County,06065,06
-80.98392486572266,34.041873931884766,Richland County,45079,45
-87.39289855957031,41.60049819946289,Lake County,18089,18
-85.55299377441406,42.95190048217773,Kent County,26081,26
-86.77698516845703,36.1633415222168,Davidson County,47037,47
-80.69097900390625,40.06592559814453,Ohio County,54069,54
-73.94412231445312,40.635040283203125,Kings County,36047,36
-108.55119323730467,45.74723052978516,Yellowstone County,30111,30
-75.37577819824219,40.62092208862305,Northampton County,42095,42
-87.53916931152344,38.03633499145508,Vanderburgh County,18163,18
-95.3715591430664,29.759889602661133,Harris County,48201,48
-81.3419418334961,35.237586975097656,Cleveland County,37045,37
-97.68775177001952,31.0958251953125,Bell County,48027,48
-118.32115936279295,34.11988830566406,Los Angeles County,06037,06
-82.5786,38.3997,Wayne County,54099,54
-80.71028,38.66444,Braxton County,54007,54
-80.83,39.66,Wetzel County,54103,54
-80.44,37.792,Greenbrier County,54025,54
-80.467,39.052,Lewis County,54041,54
-79.96,39.63,Monongalia County,54061,54
-80.83722,38.93528,Gilmer County,54021,54
-80.226,38.985,Upshur County,54097,54
-80.625,38.742,Braxton County,54007,54
-80.018,39.025,Barbour County,54001,54
-80.93361,39.60361,Wetzel County,54103,54
-81.5667,39.2833,Washington County,39167,39
-81.05083,39.21,Ritchie County,54085,54
-80.882,38.236,Nicholas County,54067,54
-78.99,39.49,Allegany County,24001,24
-81.76139,38.95306,Jackson County,54035,54
-79.862,38.915,Randolph County,54083,54
-81.6326,38.3497,Kanawha County,54039,54
-81.28,39.43,Washington County,39167,39
-81.15,38.92,Calhoun County,54013,54
-81.086,37.309,Mercer County,54055,54
-80.35,39.28,Harrison County,54033,54
-82.4393,38.4206,Cabell County,54011,54
-79.07,39.12,Grant County,54023,54
-81.6326235,38.3498195,Kanawha County,54039,54
-80.16,39.481,Marion County,54049,54
-81.63444,37.69306,Wyoming County,54109,54
-80.58944,40.41889,Hancock County,54029,54
-82.2217,37.4638,Pike County,21195,21
-81.3385,39.2831,Wood County,54107,54
-81.19,37.779,Raleigh County,54081,54
-77.9646,39.4613,Berkeley County,54003,54
-80.88,37.9,Fayette County,54019,54
-80.708,39.452,Tyler County,54095,54
-79.1,38.914,Grant County,54023,54
-80.02,38.21,Pocahontas County,54075,54
-78.955,39.475,Allegany County,24001,24
-81.14528,37.98278,Fayette County,54019,54
-80.7209149,40.0639616,Ohio County,54069,54
-82.0201368,38.4325896,Putnam County,54079,54
-77.86,39.28,Jefferson County,54037,54
-81.945,38.306,Putnam County,54079,54
-82.2,37.75,Mingo County,54059,54
-80.605,40.42,Hancock County,54029,54
-83.04,40.98,Crawford County,39033,39
-80.26,39.329,Harrison County,54033,54
-82.0209,38.2031,Lincoln County,54043,54
-78.232,39.622,Morgan County,54065,54
-79.75,39.65,Preston County,54077,54
-81.08,38.46278,Clay County,54015,54
-80.739,39.941,Marshall County,54051,54
-81.937324,38.447204,Putnam County,54079,54
-79.49,39.23,Preston County,54077,54
-82.445154,38.4192496,Cabell County,54011,54
-79.8543521722861,38.9411459542356,Randolph County,54083,54
-82.0,37.85,Logan County,54045,54
-80.22417,38.98917,Upshur County,54097,54
-81.5615135,39.2667418,Wood County,54107,54
-80.4132193858179,37.8198830513069,Greenbrier County,54025,54
-78.9,39.0,Hardy County,54031,54
-79.955894,39.629524,Monongalia County,54061,54
-81.6210508894974,38.3475326709924,Kanawha County,54039,54
-81.0959455,38.9234195,Calhoun County,54013,54
-82.12861,38.8575,Mason County,54053,54
-80.64361,37.72778,Greenbrier County,54025,54
-81.6326222,38.3498194,Kanawha County,54039,54
-81.1881557,37.7781702,Raleigh County,54081,54
-94.1636356199594,36.0601662557737,Washington County,05143,05
-91.18,33.15,Chicot County,05017,05
-91.48861,33.88389,Desha County,05041,05
-92.16,34.22,Jefferson County,05069,05
-93.0555,34.5075,Garland County,05051,05
-93.07,34.1,Clark County,05019,05
-92.19361,33.96,Cleveland County,05025,05
-90.69,35.83,Craighead County,05031,05
-93.118,36.235,Boone County,05009,05
-90.190556,36.382778,Clay County,05021,05
-90.959,36.035,Lawrence County,05075,05
-92.12,36.033,Stone County,05137,05
-92.441,35.103,Faulkner County,05045,05
-89.905,35.93083,Mississippi County,05093,05
-92.031258,35.491467,Cleburne County,05023,05
-93.137,35.271,Pope County,05115,05
-94.1054,36.3367,Benton County,05007,05
-90.54,36.04,Greene County,05055,05
-92.15,33.13,Union County,05139,05
-92.58306,36.38278,Marion County,05089,05
-92.61,34.56,Saline County,05125,05
-92.2896,34.7465,Pulaski County,05119,05
-92.3682,36.2619,Baxter County,05005,05
-92.469876,33.537892,Calhoun County,05013,05
-93.48028,35.45667,Johnson County,05071,05
-90.3815,35.1347,Crittenden County,05035,05
-92.42,33.56,Calhoun County,05013,05
-93.147,33.689,Nevada County,05099,05
-92.65,34.4,Grant County,05053,05
-90.7576112,34.7737082,Lee County,05077,05
-94.3675,35.3856,Sebastian County,05131,05
-93.12,35.204,Pope County,05115,05
-93.2,33.21,Columbia County,05027,05
-93.567967,36.364792,Carroll County,05015,05
-91.5525,34.500278,Arkansas County,05001,05
-94.34,35.44,Crawford County,05033,05
-91.66,35.79,Independence County,05063,05
-94.043,33.441,Miller County,05091,05
-90.79,35.01,St. Francis County,05123,05
-93.380833,33.8025,Nevada County,05099,05
-91.74,35.25,White County,05145,05
-94.13131,33.67429,Little River County,05081,05
-94.1706,36.0833,Washington County,05143,05
-91.2489,35.6066,Jackson County,05067,05
-92.439,35.093,Faulkner County,05045,05
-93.186389,36.008056,Newton County,05101,05
-90.971233,36.2614555,Randolph County,05121,05
-91.31374,34.69315,Monroe County,05095,05
-90.57,35.56,Poinsett County,05111,05
-84.566,40.556,Mercer County,39107,39
-94.38,35.47,Crawford County,05033,05
-91.515973,36.2978443,Sharp County,05135,05
-81.0,40.23,Harrison County,39067,39
-91.7425,35.2394,White County,05145,05
-91.36917,35.28861,Woodruff County,05147,05
-92.81083,34.36389,Hot Spring County,05059,05
-91.84333,33.94278,Lincoln County,05079,05
-77.39722,39.43111,Frederick County,24021,24
-94.23,34.66,Polk County,05113,05
-94.1,34.9,Scott County,05127,05
-90.78678,35.224533,Cross County,05037,05
-91.85,33.6139,Drew County,05043,05
-94.34,34.03,Sevier County,05133,05
-92.6735,33.2015,Union County,05139,05
-93.66,34.56,Montgomery County,05097,05
-78.7625,39.65278,Allegany County,24001,24
-93.75,36.24,Madison County,05087,05
-91.74444,36.22444,Izard County,05065,05
-83.1705,41.1615,Seneca County,39147,39
-92.843,33.603,Ouachita County,05103,05
-93.6167,34.2167,Pike County,05109,05
-93.50028,33.35806,Lafayette County,05073,05
-93.921389,35.14,Logan County,05083,05
-80.79,41.23,Trumbull County,39155,39
-91.50056,34.97556,Prairie County,05117,05
-83.663,39.214,Highland County,39071,39
-76.6121893,39.2903848,Baltimore city,24510,24
-93.59,33.66778,Hempstead County,05057,05
-93.8275,35.48694,Franklin County,05047,05
-90.618,34.5467,Phillips County,05107,05
-92.02,34.92,Lonoke County,05085,05
-82.32,40.87,Ashland County,39005,39
-81.91792,40.554507,Holmes County,39075,39
-93.2179,35.0492,Yell County,05149,05
-93.86,33.636,Hempstead County,05057,05
-76.861046,39.203712,Howard County,24027,24
-83.75243,40.108391,Champaign County,39021,39
-83.824722,39.436111,Clinton County,39027,39
-81.5219,41.0827,Summit County,39153,39
-84.1916,39.7589,Montgomery County,39113,39
-81.6944,41.4993,Cuyahoga County,39035,39
-83.0625,40.2969,Delaware County,39041,39
-82.9988,39.9612,Franklin County,39049,39
-84.512,39.1031,Hamilton County,39061,39
-82.4,38.067,Wayne County,54099,54
-83.5373,41.6528,Lucas County,39095,39
-83.13,40.59,Marion County,39101,39
-81.82,41.23,Medina County,39103,39
-82.22,39.04,Meigs County,39105,39
-81.1147,39.7636,Monroe County,39111,39
-81.51611,39.7475,Noble County,39121,39
-82.2,39.9167,Muskingum County,39119,39
-81.34,41.16,Portage County,39133,39
-81.9639,40.7972,Wayne County,39169,39
-82.1,39.33,Athens County,39009,39
-76.61056,39.16,Anne Arundel County,24003,24
-83.92722,39.03056,Brown County,39015,39
-81.14,40.54,Carroll County,39019,39
-83.81,39.93,Clark County,39023,39
-80.86528,40.90944,Columbiana County,39029,39
-80.5592,41.9575,Ashtabula County,39007,39
-84.636,40.0937,Darke County,39037,39
-84.41,40.58,Auglaize County,39011,39
-81.442,40.471,Tuscarawas County,39157,39
-82.22,38.79,Mason County,54053,54
-84.56,41.41,Defiance County,39039,39
-84.06,39.77,Greene County,39057,39
-83.6465,41.0339,Hancock County,39063,39
-82.703,39.057,Jackson County,39079,39
-82.526,40.393,Knox County,39083,39
-82.166667,41.383333,Lorain County,39093,39
-82.971,39.335,Ross County,39141,39
-82.9492,38.7333,Greenup County,21089,21
-81.383,40.8,Stark County,39151,39
-81.45,39.43,Washington County,39167,39
-83.12,40.84,Wyandot County,39175,39
-80.71,40.077,Ohio County,54069,54
-84.528611,39.369167,Butler County,39017,39
-84.06,41.37,Henry County,39069,39
-80.639167,40.390555,Jefferson County,39081,39
-80.652,41.099,Mahoning County,39099,39
-81.8531912,39.6486822,Morgan County,39115,39
-84.2,41.04,Putnam County,39137,39
-82.524,40.758,Richland County,39139,39
-83.045278,41.382778,Sandusky County,39143,39
-84.15,40.28,Shelby County,39149,39
-82.02,39.95,Muskingum County,39119,39
-81.57,40.05,Guernsey County,39059,39
-82.41,39.54,Hocking County,39073,39
-82.419,40.062,Licking County,39089,39
-76.520518,39.250663,Baltimore County,24005,24
-76.63917741533594,39.28596813419326,Baltimore city,24510,24
-83.6328,41.3833,Wood County,39173,39
-76.7791365,39.0067768,Prince George's County,24033,24
-84.5189,39.3906,Butler County,39017,39
-84.101,40.742,Allen County,39003,39
-81.5738,40.2705,Tuscarawas County,39157,39
-84.2943821,39.1753377,Clermont County,39025,39
-90.44187927246094,31.61185073852539,Lincoln County,28085,28
-84.36,41.29,Defiance County,39039,39
-82.62,41.24,Huron County,39077,39
-80.25435638427734,26.003501892089844,Broward County,12011,12
-94.57698822021484,39.080657958984375,Jackson County,29095,29
-84.3242,39.3605,Warren County,39165,39
-76.1512222290039,39.98598861694336,Lancaster County,42071,42
-83.433,39.375,Highland County,39071,39
-83.5451934,38.7945166,Adams County,39001,39
-84.1394,41.5769,Fulton County,39051,39
-81.1847,41.5586,Geauga County,39055,39
-83.62,40.63,Hardin County,39065,39
-76.5205184,39.2506633,Baltimore County,24005,24
-112.14288330078124,33.69675064086914,Maricopa County,04013,04
-84.5793,40.8716,Van Wert County,39161,39
-81.37,41.63,Lake County,39085,39
-83.44222,39.8875,Madison County,39097,39
-84.22,40.05,Miami County,39109,39
-82.584,39.058,Jackson County,39079,39
-84.75,39.74,Preble County,39135,39
-83.63379669189453,32.83437728881836,Bibb County,13021,13
-95.34601593017578,29.77459716796875,Harris County,48201,48
-86.78864288330078,36.03531646728516,Williamson County,47187,47
-83.16365814208984,40.037235260009766,Franklin County,39049,39
-83.7530288696289,42.280879974365234,Washtenaw County,26161,26
-112.23029327392578,33.47590255737305,Maricopa County,04013,04
-76.9502567,39.4037147,Carroll County,24013,24
-84.05,41.05,Putnam County,39137,39
-90.5433578491211,47.70898818969727,Cook County,27031,27
-83.7369,40.3533,Logan County,39091,39
-83.0884017944336,42.3353157043457,Wayne County,26163,26
-110.93526458740234,32.44309616088867,Pima County,04019,04
-74.18437957763672,40.77011489868164,Essex County,34013,34
-78.63276672363281,35.82693862915039,Wake County,37183,37
-87.62932586669922,41.875,Cook County,17031,17
-95.36764526367188,29.70409774780273,Harris County,48201,48
-112.34949493408205,34.57847595214844,Yavapai County,04025,04
-75.01543426513672,40.03331756591797,Philadelphia County,42101,42
-78.8222885131836,36.07210159301758,Durham County,37063,37
-94.8236846923828,38.85211181640625,Johnson County,20091,20
-80.26599884033203,26.27879905700684,Broward County,12011,12
-94.4966049194336,39.13103866577149,Jackson County,29095,29
-83.96802520751953,35.8399658203125,Blount County,47009,47
-82.71,41.44,Erie County,39043,39
-81.4278564453125,28.36845016479492,Orange County,12095,12
-88.89637756347656,30.39444732666016,Harrison County,28047,28
-97.4111557006836,30.5754337310791,Williamson County,48491,48
-98.50628662109376,29.50186920166016,Bexar County,48029,48
-76.796630859375,40.8956413269043,Northumberland County,42097,42
-70.90538787841797,42.51450347900391,Essex County,25009,25
-83.26,40.25,Union County,39159,39
-92.33686065673828,34.76982879638672,Pulaski County,05119,05
-75.15509796142578,39.979400634765625,Philadelphia County,42101,42
-96.82540893554688,39.1208381652832,Riley County,20161,20
-93.86422729492188,41.6251106262207,Dallas County,19049,19
-82.4784898,39.2464596,Vinton County,39163,39
-79.99299621582031,40.43846893310547,Allegheny County,42003,42
-73.9748764038086,41.384239196777344,Orange County,36071,36
-98.07599639892578,29.72604179382324,Comal County,48091,48
-87.7841796875,41.66934585571289,Cook County,17031,17
-80.3519287109375,25.701908111572266,Miami-Dade County,12086,12
-74.87662506103516,40.24447250366211,Bucks County,42017,42
-117.15941619873048,32.707088470458984,San Diego County,06073,06
-82.53459930419922,27.980133056640625,Hillsborough County,12057,12
-87.40721130371094,39.48584365844727,Vigo County,18167,18
-110.96923065185548,32.265411376953125,Pima County,04019,04
-97.33302307128906,32.75724029541016,Tarrant County,48439,48
-76.30941772460938,38.990909576416016,Queen Anne's County,24035,24
-118.29319763183594,34.06064987182617,Los Angeles County,06037,06
-95.1293716430664,44.21266174316406,Redwood County,27127,27
-83.06950378417969,42.36190032958984,Wayne County,26163,26
-111.84597778320312,40.74211120605469,Salt Lake County,49035,49
-84.27239990234375,36.01100158691406,Anderson County,47001,47
-76.34740447998047,39.52568817138672,Harford County,24025,24
-77.41464233398438,38.95930099487305,Fairfax County,51059,51
-76.67191314697266,39.21276092529297,Anne Arundel County,24003,24
-100.30964660644533,44.35646438598633,Hughes County,46065,46
-81.69287109375,41.507232666015625,Cuyahoga County,39035,39
-82.33689880371094,29.64550018310547,Alachua County,12001,12
-112.57759857177734,33.37377166748047,Maricopa County,04013,04
-97.44234466552734,35.20785140991211,Cleveland County,40027,40
-83.50968170166016,42.52529525756836,Oakland County,26125,26
-94.6050796508789,39.09172821044922,Jackson County,29095,29
-106.5675277709961,35.127960205078125,Bernalillo County,35001,35
-82.67520141601562,39.76741409301758,Fairfield County,39045,39
-97.31430053710938,27.895299911499023,San Patricio County,48409,48
-122.9013442993164,47.03443145751953,Thurston County,53067,53
-87.14827728271484,37.73473358154297,Daviess County,21059,21
-111.9550552368164,33.05974578857422,Pinal County,04021,04
-122.40536499023438,37.75529479980469,San Francisco County,06075,06
-71.57292938232422,42.554988861083984,Middlesex County,25017,25
-89.99060821533203,42.99958419799805,Iowa County,55049,55
-82.79,40.52,Morrow County,39117,39
-117.13864135742188,32.776519775390625,San Diego County,06073,06
-117.80370330810548,33.75630187988281,Orange County,06059,06
-118.3421630859375,34.08863067626953,Los Angeles County,06037,06
-93.44894409179688,35.463748931884766,Johnson County,05071,05
-80.23834991455078,25.956418991088867,Miami-Dade County,12086,12
-83.74410247802734,42.26976013183594,Washtenaw County,26161,26
-89.59967041015625,40.73149108886719,Peoria County,17143,17
-81.97184753417969,33.469852447509766,Richmond County,13245,13
-117.37307739257812,33.97983932495117,Riverside County,06065,06
-88.07674407958984,30.71101760864257,Mobile County,01097,01
-86.26066589355469,43.27759552001953,Muskegon County,26121,26
-78.9190902709961,35.04383850097656,Cumberland County,37051,37
-83.7560806274414,40.36943817138672,Logan County,39091,39
-77.02120971679688,38.89739990234375,District of Columbia,11001,11
-85.71517944335938,38.25337219238281,Jefferson County,21111,21
-87.62751770019531,41.88179016113281,Cook County,17031,17
-84.606,41.156,Paulding County,39125,39
-82.94,39.61,Pickaway County,39129,39
-105.04441833496094,40.52571868896485,Larimer County,08069,08
-97.29592895507812,31.1995906829834,Bell County,48027,48
-80.18032836914062,26.01973533630371,Broward County,12011,12
-121.87574768066406,37.3350715637207,Santa Clara County,06085,06
-79.97270202636719,40.457298278808594,Allegheny County,42003,42
-112.11229705810548,33.71586990356445,Maricopa County,04013,04
-111.05323791503906,32.278316497802734,Pima County,04019,04
-84.37861633300781,33.78605270385742,Fulton County,13121,13
-81.9030990600586,34.91109848022461,Spartanburg County,45083,45
-77.02386474609375,39.03201675415039,Montgomery County,24031,24
-83.7957534790039,41.343631744384766,Wood County,39173,39
-97.41378021240234,27.72994613647461,Nueces County,48355,48
-79.9636001586914,40.437801361083984,Allegheny County,42003,42
-90.40519714355467,38.5998420715332,St. Louis County,29189,29
-72.1863784790039,41.7177848815918,Southeastern Connecticut Planning Region,09180,09
-96.4038314819336,42.49353790283203,Woodbury County,19193,19
-95.9748992919922,36.22520065307617,Tulsa County,40143,40
-83.64525604248047,41.53810119628906,Wood County,39173,39
-76.24859619140625,36.85322952270508,Norfolk city,51710,51
-94.7475357055664,38.97234344482422,Johnson County,20091,20
-95.71576690673828,29.7625789642334,Harris County,48201,48
-122.32965087890624,45.51924133300781,Multnomah County,41051,41
-121.49449920654295,38.58340072631836,Sacramento County,06067,06
-82.0422134399414,41.38372421264648,Lorain County,39093,39
-75.97804260253906,36.848968505859375,Virginia Beach city,51810,51
-76.14839935302734,43.04654693603516,Onondaga County,36067,36
-93.19176483154295,44.74451446533203,Dakota County,27037,27
-81.37026977539062,28.541784286499023,Orange County,12095,12
-118.35895538330078,34.06379318237305,Los Angeles County,06037,06
-78.70587158203125,38.04716110229492,Albemarle County,51003,51
-80.16278076171875,26.237035751342773,Broward County,12011,12
-72.96424102783203,41.699344635009766,Naugatuck Valley Planning Region,09140,09
-117.1975555419922,32.73286437988281,San Diego County,06073,06
-87.63050079345703,41.88396835327149,Cook County,17031,17
-74.07083129882812,39.95745086669922,Ocean County,34029,34
-80.00665283203125,40.452632904052734,Allegheny County,42003,42
-82.3248519897461,29.65142059326172,Alachua County,12001,12
-122.63521575927734,47.57525634765625,Kitsap County,53035,53
-149.87344360351562,61.21088790893555,Anchorage Municipality,02020,02
-106.54315948486328,35.321510314941406,Sandoval County,35043,35
-82.41558837890625,34.89912414550781,Greenville County,45045,45
-82.49349975585938,39.56209945678711,Hocking County,39073,39
-74.09385681152344,40.89634704589844,Bergen County,34003,34
-73.61233520507812,40.59264373779297,Nassau County,36059,36
-73.13258361816406,40.79122161865234,Suffolk County,36103,36
-71.01691436767578,42.02044677734375,Plymouth County,25023,25
-87.9109115600586,43.041385650634766,Milwaukee County,55079,55
-81.3478012084961,34.15719985961914,Lexington County,45063,45
-93.16859436035156,34.30575942993164,Hot Spring County,05059,05
-117.32415008544922,34.18146514892578,San Bernardino County,06071,06
-111.98052215576172,33.62000274658203,Maricopa County,04013,04
-73.58920288085938,40.8223991394043,Nassau County,36059,36
-96.41724395751952,42.50883483886719,Woodbury County,19193,19
-97.84632873535156,30.47731208801269,Williamson County,48491,48
-74.0086669921875,40.71175003051758,New York County,36061,36
-118.34388732910156,34.09649658203125,Los Angeles County,06037,06
-95.37860107421876,29.5531005859375,Brazoria County,48039,48
-80.2814712524414,26.06291389465332,Broward County,12011,12
-111.7957000732422,33.295101165771484,Maricopa County,04013,04
-85.67272186279297,42.96512985229492,Kent County,26081,26
-82.25849914550781,27.849199295043945,Hillsborough County,12057,12
-80.81401062011719,35.25277328491211,Mecklenburg County,37119,37
-79.88256072998047,40.52314758300781,Allegheny County,42003,42
-85.29210662841797,35.11650466918945,Hamilton County,47065,47
-93.7411651611328,38.76539611816406,Johnson County,29101,29
-83.36519622802734,42.31069946289063,Wayne County,26163,26
-111.00093841552734,32.2298698425293,Pima County,04019,04
-93.8720245361328,45.40154647827149,Sherburne County,27141,27
-72.71690368652344,41.79351806640625,Capitol Planning Region,09110,09
-94.595703125,39.09429931640625,Jackson County,29095,29
-86.86083984375,36.19313049316406,Davidson County,47037,47
-87.6292724609375,41.87818145751953,Cook County,17031,17
-86.89920043945312,36.1848030090332,Davidson County,47037,47
-84.51112365722656,39.10831832885742,Hamilton County,39061,39
-96.82794952392578,39.03065490722656,Geary County,20061,20
-118.2500991821289,34.047569274902344,Los Angeles County,06037,06
-87.6015396118164,41.78973007202149,Cook County,17031,17
-101.87144470214844,33.57926177978516,Lubbock County,48303,48
-75.55380249023438,39.17900085449219,Kent County,10001,10
-122.0547332763672,37.65513229370117,Alameda County,06001,06
-87.67596435546875,34.799598693847656,Lauderdale County,01077,01
-95.38700103759766,29.78420066833496,Harris County,48201,48
-86.15132904052734,39.692848205566406,Marion County,18097,18
-84.27806854248047,35.812889099121094,Loudon County,47105,47
-97.50935363769533,35.46503829956055,Oklahoma County,40109,40
-73.89810943603516,40.70922470092773,Queens County,36081,36
-78.94059753417969,36.007198333740234,Durham County,37063,37
-84.36361694335938,34.039310455322266,Fulton County,13121,13
-119.71150207519533,39.55216217041016,Washoe County,32031,32
-93.15216827392578,44.94926071166992,Ramsey County,27123,27
-93.94740295410156,44.17660140991211,Blue Earth County,27013,27
-95.17877197265624,29.783058166503903,Harris County,48201,48
-112.0991439819336,33.58779525756836,Maricopa County,04013,04
-76.94203649247487,38.98645375280967,Prince George's County,24033,24
-81.52615356445312,30.3024959564209,Duval County,12031,12
-83.96897888183594,30.8267822265625,Thomas County,13275,13
-85.69656372070312,38.227630615234375,Jefferson County,21111,21
-110.97354888916016,42.952728271484375,Lincoln County,56023,56
-104.99610900878906,39.5467414855957,Douglas County,08035,08
-80.19574737548828,25.799840927124023,Miami-Dade County,12086,12
-81.01066589355469,34.06616973876953,Richland County,45079,45
-95.99281311035156,41.21694946289063,Douglas County,31055,31
-112.42539978027344,33.47829818725586,Maricopa County,04013,04
-83.91848754882812,35.96309280395508,Knox County,47093,47
-83.93333435058594,35.95349884033203,Knox County,47093,47
-80.16506958007812,26.25657081604004,Broward County,12011,12
-96.8103256225586,46.92976379394531,Cass County,38017,38
-157.79014587402344,21.30380821228028,Honolulu County,15003,15
-72.11866760253906,41.36823272705078,Southeastern Connecticut Planning Region,09180,09
-111.80685424804688,40.60530090332031,Salt Lake County,49035,49
-117.14188385009766,33.23251724243164,San Diego County,06073,06
-76.97969055175781,38.890411376953125,District of Columbia,11001,11
-110.98169708251952,32.17926788330078,Pima County,04019,04
-93.52197265625,45.32056427001953,Sherburne County,27141,27
-108.50885009765624,45.78471374511719,Yellowstone County,30111,30
-83.8050308227539,39.94546127319336,Clark County,39023,39
-78.89383697509766,38.071067810058594,Waynesboro city,51820,51
-97.54576110839844,30.350208282470703,Travis County,48453,48
-100.76270294189452,46.74020004272461,Burleigh County,38015,38
-98.22896575927734,29.601680755615234,Guadalupe County,48187,48
-98.59635162353516,29.47699928283692,Bexar County,48029,48
-118.47077941894533,34.064231872558594,Los Angeles County,06037,06
-72.67349243164062,41.76259994506836,Capitol Planning Region,09110,09
-98.13353729248048,29.71083068847656,Comal County,48091,48
-87.77637481689453,41.865665435791016,Cook County,17031,17
-118.1566162109375,33.92656707763672,Los Angeles County,06037,06
-71.62716674804688,42.79751586914063,Hillsborough County,33011,33
-117.82019805908205,33.70909881591797,Orange County,06059,06
-92.71959686279295,41.7484016418457,Poweshiek County,19157,19
-118.25265502929688,34.0499153137207,Los Angeles County,06037,06
-106.81220245361328,39.66519927978516,Eagle County,08037,08
-85.2520980834961,31.56730079650879,Henry County,01067,01
-85.61829376220703,42.28192138671875,Kalamazoo County,26077,26
-76.6019125,39.4014955,Baltimore County,24005,24
-76.83555802264455,38.70106877287689,Prince George's County,24033,24
-71.94560241699219,41.36289978027344,Southeastern Connecticut Planning Region,09180,09
-76.31889,38.98111,Queen Anne's County,24035,24
-90.38557434082033,38.21964263916016,Jefferson County,29099,29
-90.4758758544922,38.52804565429688,St. Louis County,29189,29
-87.58792877197266,41.79990005493164,Cook County,17031,17
-75.36949920654297,40.62200164794922,Northampton County,42095,42
-118.5233383178711,34.23588180541992,Los Angeles County,06037,06
-76.9364013671875,38.99079895019531,Prince George's County,24033,24
-92.74346160888672,38.97747421264648,Cooper County,29053,29
-80.34146118164062,26.128631591796875,Broward County,12011,12
-118.20964813232422,33.959354400634766,Los Angeles County,06037,06
-105.08326721191406,40.58235168457031,Larimer County,08069,08
-92.91692352294922,41.4044303894043,Marion County,19125,19
-119.75861358642578,39.53317260742188,Washoe County,32031,32
-74.35860443115234,40.8922233581543,Morris County,34027,34
-76.16917,39.51028,Harford County,24025,24
-98.140869140625,29.573749542236328,Guadalupe County,48187,48
-112.15910339355467,33.6078987121582,Maricopa County,04013,04
-95.41951751708984,29.945995330810547,Harris County,48201,48
-90.44532012939452,38.67198181152344,St. Louis County,29189,29
-95.01457214355467,45.14590072631836,Kandiyohi County,27067,27
-95.70751190185548,39.06462097167969,Shawnee County,20177,20
-86.7337646484375,33.36623764038086,Shelby County,01117,01
-118.39671325683594,34.20515060424805,Los Angeles County,06037,06
-76.05830383300781,39.22287368774414,Kent County,24029,24
-87.11141967773438,37.77505874633789,Daviess County,21059,21
-74.16173553466797,40.96998596191406,Passaic County,34031,34
-77.07322692871094,41.80788040161133,Tioga County,42117,42
-83.03800964355469,42.33028030395508,Wayne County,26163,26
-96.41896057128906,42.41402053833008,Dakota County,31043,31
-83.04375457763672,40.11101531982422,Franklin County,39049,39
-83.92350006103516,35.97140121459961,Knox County,47093,47
-74.73810577392578,40.27994537353516,Mercer County,34021,34
-122.6489486694336,45.61661911010742,Clark County,53011,53
-95.09001159667967,29.10796356201172,Galveston County,48167,48
-97.55714416503906,35.57951354980469,Oklahoma County,40109,40
-104.95096588134766,40.51448822021485,Larimer County,08069,08
-88.04246520996094,30.688980102539062,Mobile County,01097,01
-73.9867172241211,40.93219757080078,Bergen County,34003,34
-95.77130126953124,29.589099884033203,Fort Bend County,48157,48
-85.75690460205078,38.25365829467773,Jefferson County,21111,21
-84.268798828125,35.824119567871094,Loudon County,47105,47
-97.67780303955078,30.49618148803711,Williamson County,48491,48
-93.28839111328124,44.68207550048828,Dakota County,27037,27
-118.269775390625,34.04198455810547,Los Angeles County,06037,06
-95.66444396972656,39.07116317749024,Shawnee County,20177,20
-73.59130096435547,41.039798736572266,Western Connecticut Planning Region,09190,09
-83.96500396728516,43.47384262084961,Saginaw County,26145,26
-75.82972,39.60778,Cecil County,24015,24
-79.88096618652344,40.4398307800293,Allegheny County,42003,42
-98.66981506347656,29.305606842041016,Bexar County,48029,48
-91.1251983642578,30.44687461853028,East Baton Rouge Parish,22033,22
-80.84294128417969,35.227596282958984,Mecklenburg County,37119,37
-82.79650115966797,27.971200942993164,Pinellas County,12103,12
-97.51983642578124,35.4803581237793,Oklahoma County,40109,40
-95.40773010253906,29.75344467163086,Harris County,48201,48
-75.55653381347656,39.74616622924805,New Castle County,10003,10
-84.7491226196289,39.17538070678711,Hamilton County,39061,39
-92.77658081054688,34.55062484741211,Saline County,05125,05
-80.24293518066406,26.07798767089844,Broward County,12011,12
-94.57756042480467,39.083309173583984,Jackson County,29095,29
-74.00980377197266,40.709598541259766,New York County,36061,36
-83.86009979248047,33.784698486328125,Walton County,13297,13
-87.62908935546875,41.88644409179688,Cook County,17031,17
-92.35230255126952,34.804054260253906,Pulaski County,05119,05
-86.20555877685547,41.69499969482422,St. Joseph County,18141,18
-93.18424224853516,44.95195388793945,Ramsey County,27123,27
-80.15229797363281,41.88109970092773,Erie County,42049,42
-75.50404357910156,40.59191131591797,Lehigh County,42077,42
-76.16049194335938,43.04137802124024,Onondaga County,36067,36
-87.20907592773438,30.41295051574707,Escambia County,12033,12
-79.95903015136719,39.62755584716797,Monongalia County,54061,54
-90.13390350341795,32.42179870605469,Madison County,28089,28
-76.88115692138672,40.258888244628906,Dauphin County,42043,42
-82.62689971923828,40.45700073242188,Knox County,39083,39
-83.64955139160156,41.3904914855957,Wood County,39173,39
-75.455810546875,39.8034782409668,New Castle County,10003,10
-94.43641662597656,38.94382858276367,Jackson County,29095,29
-92.96562957763672,44.92461395263672,Washington County,27163,27
-80.24249267578125,26.136690139770508,Broward County,12011,12
-81.86759185791016,26.610570907592773,Lee County,12071,12
-95.3813705444336,29.79952621459961,Harris County,48201,48
-117.35355377197266,47.65765380859375,Spokane County,53063,53
-83.656494140625,41.08475875854492,Hancock County,39063,39
-79.93706512451172,32.78828811645508,Charleston County,45019,45
-82.32645416259766,29.6513671875,Alachua County,12001,12
-84.3412094116211,39.25221252441406,Hamilton County,39061,39
-82.45440673828125,28.004112243652344,Hillsborough County,12057,12
-92.3336410522461,42.48562240600586,Black Hawk County,19013,19
-87.66507720947266,41.77790451049805,Cook County,17031,17
-110.91027069091795,32.2752685546875,Pima County,04019,04
-118.33917999267578,34.10438919067383,Los Angeles County,06037,06
-73.55992126464844,41.04174041748047,Western Connecticut Planning Region,09190,09
-94.58300018310548,39.253944396972656,Clay County,29047,29
-88.97480010986328,30.3933334350586,Harrison County,28047,28
-118.17919158935548,33.9775390625,Los Angeles County,06037,06
-118.44485473632812,34.057735443115234,Los Angeles County,06037,06
-118.2186508178711,34.08354187011719,Los Angeles County,06037,06
-79.07947540283203,36.04517364501953,Orange County,37135,37
-104.6738052368164,39.848236083984375,Denver County,08031,08
-93.60723876953124,44.80484771728516,Carver County,27019,27
-118.25341796875,34.043704986572266,Los Angeles County,06037,06
-93.2551498413086,36.66609954833984,Taney County,29213,29
-106.68112182617188,35.18507385253906,Bernalillo County,35001,35
-73.98702239990234,40.75962829589844,New York County,36061,36
-104.92243194580078,39.5909538269043,Arapahoe County,08005,08
-79.05059814453125,35.90549850463867,Orange County,37135,37
-115.03140258789062,36.14640045166016,Clark County,32003,32
-94.12924194335938,36.18694305419922,Washington County,05143,05
-89.54612731933594,34.37118148803711,Lafayette County,28071,28
-75.68079376220703,39.53279876708984,New Castle County,10003,10
-75.55034637451172,39.74129104614258,New Castle County,10003,10
-80.35782623291016,25.769567489624023,Miami-Dade County,12086,12
-76.57642364501953,39.38669967651367,Baltimore County,24005,24
-83.04299926757812,42.33195877075195,Wayne County,26163,26
-76.58609771728516,39.08879852294922,Anne Arundel County,24003,24
-112.0822982788086,33.46604919433594,Maricopa County,04013,04
-83.46690368652344,41.55619812011719,Wood County,39173,39
-80.24205780029297,26.14667320251465,Broward County,12011,12
-101.37279510498048,33.19793701171875,Garza County,48169,48
-85.56688690185547,38.19378662109375,Jefferson County,21111,21
-79.95364379882812,36.09577560424805,Guilford County,37081,37
-96.79845428466795,46.8797607421875,Cass County,38017,38
-76.85540008544922,40.27199935913086,Dauphin County,42043,42
-93.57453155517578,36.52439880371094,Stone County,29209,29
-97.3916015625,32.57889938354492,Tarrant County,48439,48
-83.65248107910156,41.3651008605957,Wood County,39173,39
-117.9853515625,33.836395263671875,Orange County,06059,06
-93.1728515625,45.15884017944336,Anoka County,27003,27
-95.5705337524414,29.98375701904297,Harris County,48201,48
-76.93392944335938,38.9913444519043,Prince George's County,24033,24
-83.64800262451172,41.35319900512695,Wood County,39173,39
-98.22109985351562,29.59670066833496,Guadalupe County,48187,48
-98.595703125,29.230199813842773,Bexar County,48029,48
-106.06034088134766,39.49692153930664,Summit County,08117,08
-121.8948974609375,37.33942413330078,Santa Clara County,06085,06
-88.01404571533203,44.51446914672852,Brown County,55009,55
-113.99520111083984,46.87456130981445,Missoula County,30063,30
-93.17456817626952,44.80890274047852,Dakota County,27037,27
-98.0990219116211,29.81092834472656,Comal County,48091,48
-122.45838165283205,38.29035949707031,Sonoma County,06097,06
-84.392578125,32.036468505859375,Sumter County,13261,13
-90.2393569946289,38.6331672668457,St. Louis city,29510,29
-81.85308074951172,26.59808921813965,Lee County,12071,12
-112.3315887451172,33.47285079956055,Maricopa County,04013,04
-90.07591247558594,30.018909454345703,Orleans Parish,22071,22
-75.61530303955078,39.76763153076172,New Castle County,10003,10
-119.78031158447266,34.46159744262695,Santa Barbara County,06083,06
-81.67207336425781,30.32209014892578,Duval County,12031,12
-76.98068237304688,39.02114486694336,Montgomery County,24031,24
-76.9886474609375,38.98443603515625,Montgomery County,24031,24
-98.58584594726562,29.50542259216309,Bexar County,48029,48
-95.73402404785156,29.13372039794922,Brazoria County,48039,48
-79.9267349243164,40.44269180297852,Allegheny County,42003,42
-117.37252807617188,33.98200988769531,Riverside County,06065,06
-75.2239990234375,43.09980010986328,Oneida County,36065,36
-76.4067153930664,40.10715866088867,Lancaster County,42071,42
-83.11851501464844,39.894813537597656,Franklin County,39049,39
-122.7418441772461,38.41872024536133,Sonoma County,06097,06
-118.3617935180664,34.08175277709961,Los Angeles County,06037,06
-92.4266586303711,31.325279235839844,Rapides Parish,22079,22
-122.2559814453125,47.49182891845703,King County,53033,53
-105.0848159790039,40.574745178222656,Larimer County,08069,08
-97.73770141601562,30.284099578857425,Travis County,48453,48
-92.39906311035156,42.49433135986328,Black Hawk County,19013,19
-97.95654296875,35.53130340576172,Canadian County,40017,40
-73.11254119873047,44.49336242675781,Chittenden County,50007,50
-76.06833,39.21944,Kent County,24029,24
-77.02806,38.99611,Montgomery County,24031,24
-76.61528,39.28944,Baltimore city,24510,24
-110.9765853881836,32.27227020263672,Pima County,04019,04
-77.73667,39.62333,Washington County,24043,24
-76.90081787109375,40.28684616088867,Dauphin County,42043,42
-76.9105483,38.6265124,Charles County,24017,24
-75.5618667602539,39.73273468017578,New Castle County,10003,10
-77.7199932,39.6417629,Washington County,24043,24
-91.69621276855467,41.9882698059082,Linn County,19113,19
-75.60028,38.36583,Wicomico County,24045,24
-75.084908,38.336502,Worcester County,24047,24
-78.762519,39.652865,Allegany County,24001,24
-84.5107192993164,33.82448196411133,Cobb County,13067,13
-79.3817107,39.3984308,Garrett County,24023,24
-93.57360076904295,41.637969970703125,Polk County,19153,19
-80.25164031982422,26.182939529418945,Broward County,12011,12
-117.2334976196289,32.88180160522461,San Diego County,06073,06
-76.6122,39.2904,Baltimore city,24510,24
-76.450592,38.258906,St. Mary's County,24037,24
-83.13249969482422,40.604400634765625,Marion County,39101,39
-90.1874008178711,38.647098541259766,St. Louis city,29510,29
-74.36567687988281,40.89487075805664,Morris County,34027,34
-76.07056,38.77167,Talbot County,24041,24
-76.07694,38.56639,Dorchester County,24019,24
-72.9798355102539,41.506614685058594,Naugatuck Valley Planning Region,09140,09
-94.15676879882812,36.09483337402344,Washington County,05143,05
-98.12805938720705,29.707189559936523,Comal County,48091,48
-76.41778,38.34611,Calvert County,24009,24
-92.39916229248048,42.49431991577149,Black Hawk County,19013,19
-75.82716,38.88456,Caroline County,24011,24
-74.76422882080078,40.22008895874024,Mercer County,34021,34
-75.692427,38.2028993,Somerset County,24039,24
-86.02095794677734,35.16145324707031,Franklin County,47051,47
-82.65544128417969,34.51224136352539,Anderson County,45007,45
-97.52108001708984,35.471946716308594,Oklahoma County,40109,40
-77.5779037475586,39.75599670410156,Franklin County,42055,42
-76.33470153808594,40.10984420776367,Lancaster County,42071,42
-121.4004898071289,36.87274169921875,San Benito County,06069,06
-94.59712982177734,36.957820892333984,Newton County,29145,29
-93.58220672607422,44.8232307434082,Carver County,27019,27
-75.50890350341797,40.19829940795898,Montgomery County,42091,42
-89.5820083618164,46.75685119628906,Ontonagon County,26131,26
-103.22649383544922,44.07852935791016,Pennington County,46103,46
-81.53949737548828,35.28853225708008,Cleveland County,37045,37
-83.80819702148438,39.91619873046875,Clark County,39023,39
-117.91394805908205,33.834381103515625,Orange County,06059,06
-118.24042510986328,34.04889297485352,Los Angeles County,06037,06
-73.94135284423828,40.7116813659668,Kings County,36047,36
-108.40525817871094,45.82696914672852,Yellowstone County,30111,30
-117.05658721923828,32.81920623779297,San Diego County,06073,06
-95.7308578491211,29.76085662841797,Harris County,48201,48
-75.53858947753906,39.17121124267578,Kent County,10001,10
-92.28679656982422,34.74580001831055,Pulaski County,05119,05
-85.734619140625,38.3305892944336,Clark County,18019,18
-112.09837341308594,33.65380859375,Maricopa County,04013,04
-112.00202178955078,46.590240478515625,Lewis and Clark County,30049,30
-78.5400619506836,35.86977005004883,Wake County,37183,37
-81.0367431640625,34.00135803222656,Richland County,45079,45
-118.24762725830078,34.05164337158203,Los Angeles County,06037,06
-73.9967041015625,40.71034240722656,New York County,36061,36
-117.17642974853516,32.81851577758789,San Diego County,06073,06
-80.26461029052734,26.12091064453125,Broward County,12011,12
-82.51138305664062,27.95829391479492,Hillsborough County,12057,12
-117.15859985351562,33.12810134887695,San Diego County,06073,06
-117.1551742553711,32.817867279052734,San Diego County,06073,06
-75.28463745117188,40.71442413330078,Northampton County,42095,42
-118.35847473144533,33.9758186340332,Los Angeles County,06037,06
-87.98131561279297,44.46196746826172,Brown County,55009,55
-98.3743133544922,40.88956832885742,Hall County,31079,31
-94.66756439208984,39.24459838867188,Platte County,29165,29
-98.37076568603516,40.92549133300781,Hall County,31079,31
-95.05774688720705,29.451154708862305,Galveston County,48167,48
-109.54719543457033,38.57448959350586,Grand County,49019,49
-118.2015380859375,34.03778076171875,Los Angeles County,06037,06
-83.64070892333984,41.37691879272461,Wood County,39173,39
-121.4933624267578,38.57926559448242,Sacramento County,06067,06
-80.2137451171875,25.787765502929688,Miami-Dade County,12086,12
-80.28018951416016,26.066858291625977,Broward County,12011,12
-70.15251922607422,41.66847229003906,Barnstable County,25001,25
-97.93779754638672,29.89150047302246,Hays County,48209,48
-93.18932342529295,44.91755676269531,Ramsey County,27123,27
-115.15225982666016,36.15974044799805,Clark County,32003,32
-81.73236846923828,30.3247299194336,Duval County,12031,12
-118.26876068115234,33.99381256103516,Los Angeles County,06037,06
-71.96429443359375,41.35123825073242,Southeastern Connecticut Planning Region,09180,09
-92.0081024169922,34.972999572753906,Lonoke County,05085,05
-73.54158782958984,41.11267852783203,Western Connecticut Planning Region,09190,09
-75.99762725830078,40.30757522583008,Berks County,42011,42
-84.297607421875,39.17182922363281,Clermont County,39025,39
-121.28536224365234,38.84959411621094,Placer County,06061,06
-94.4018096923828,35.384429931640625,Sebastian County,05131,05
-81.87098693847656,26.597442626953125,Lee County,12071,12
-80.05990600585938,35.87623977661133,Davidson County,37057,37
-122.39816284179688,37.79220962524414,San Francisco County,06075,06
-79.96732330322266,40.42626190185547,Allegheny County,42003,42
-80.3453369140625,39.280521392822266,Harrison County,54033,54
-82.3287353515625,29.65243148803711,Alachua County,12001,12
-85.67266845703125,42.96138000488281,Kent County,26081,26
-104.98467254638672,39.74361038208008,Denver County,08031,08
-98.30731964111328,29.58551979064941,Bexar County,48029,48
-84.11587524414062,33.774253845214844,DeKalb County,13089,13
-74.07955932617188,40.282806396484375,Monmouth County,34025,34
-106.6506,35.0844,Bernalillo County,35001,35
-97.64167,39.56944,Cloud County,20029,20
-93.04694,41.69861,Jasper County,19099,19
-121.3153,44.0587,Deschutes County,41017,41
-104.259,32.4206,Eddy County,35015,35
-107.85,35.15,Cibola County,35006,35
-105.937,35.6868,Santa Fe County,35049,35
-103.14,32.68,Lea County,35025,35
-106.7587,32.3199,Doña Ana County,35013,35
-103.659722,35.191944,Quay County,35037,35
-103.1738,36.4218,Union County,35059,35
-108.7367,35.5378,McKinley County,35031,35
-105.66,33.43,Lincoln County,35027,35
-107.657,33.1353,Sierra County,35051,35
-122.409494865668,45.5179051686992,Multnomah County,41051,41
-124.21,43.39,Coos County,41011,41
-92.98028,45.51194,Chisago County,27025,27
-104.85,34.65,Guadalupe County,35019,35
-93.265,44.9778,Hennepin County,27053,27
-123.263,44.566,Benton County,41003,41
-96.13475,44.2783,Lincoln County,27081,27
-94.202,46.367,Crow Wing County,27035,27
-93.36,46.07,Kanabec County,27065,27
-93.997,44.161,Blue Earth County,27013,27
-93.36,43.65,Freeborn County,27047,27
-93.09,44.9537,Ramsey County,27123,27
-92.1004,46.7867,St. Louis County,27137,27
-93.12,44.82,Dakota County,27037,27
-95.38861,45.65667,Pope County,27121,27
-93.23472,45.16083,Anoka County,27003,27
-93.0889492862973,44.9378016824924,Ramsey County,27123,27
-93.8916,45.167,Wright County,27171,27
-93.629,44.736,Scott County,27139,27
-92.96,44.93,Washington County,27163,27
-94.36361,46.50389,Cass County,27021,27
-95.04,46.89,Hubbard County,27057,27
-96.771,46.865,Clay County,27027,27
-95.058,45.119,Kandiyohi County,27067,27
-95.5833,48.8667,Roseau County,27135,27
-92.74,44.07,Dodge County,27039,27
-94.988602,43.620792,Jackson County,27063,27
-95.86,44.46,Lyon County,27083,27
-103.16,34.41,Curry County,35009,35
-96.05,46.3,Otter Tail County,27111,27
-96.63,46.37,Wilkin County,27167,27
-94.88,47.49,Beltrami County,27007,27
-92.54,44.56,Goodhue County,27049,27
-93.75,46.63,Aitkin County,27001,27
-106.15,36.03,Rio Arriba County,35039,35
-91.691,44.062,Winona County,27169,27
-95.11,43.92,Cottonwood County,27033,27
-97.021,47.915,Polk County,27119,27
-93.28,44.32,Rice County,27131,27
-95.567,44.316,Redwood County,27127,27
-105.084,40.585,Larimer County,08069,08
-96.49917,45.80444,Traverse County,27155,27
-106.45,35.0,Bernalillo County,35001,35
-93.656,44.026,Waseca County,27161,27
-104.5241,33.3939,Chaves County,35005,35
-92.4698,44.0219,Olmsted County,27109,27
-93.9979,44.1643,Blue Earth County,27013,27
-93.5375,47.2167,Itasca County,27061,27
-96.66,43.61,Minnehaha County,46099,46
-94.052,45.561,Benton County,27009,27
-93.53,44.75,Scott County,27139,27
-93.4,48.6,Koochiching County,27071,27
-95.13,44.53,Redwood County,27127,27
-96.18917,45.01278,Lac qui Parle County,27073,27
-103.636,38.054,Otero County,08089,08
-93.6,45.3,Sherburne County,27141,27
-95.7,44.45,Lyon County,27083,27
-93.581628,45.569965,Mille Lacs County,27095,27
-91.6167,47.0,Lake County,27075,27
-93.3,46.0,Kanabec County,27065,27
-92.96806,45.83667,Pine County,27115,27
-106.78,34.75,Valencia County,35061,35
-95.24,47.28,Clearwater County,27029,27
-104.7055,40.4233,Weld County,08123,08
-95.72,44.96,Chippewa County,27023,27
-107.01,37.3,Archuleta County,08007,08
-97.0,48.88,Kittson County,27069,27
-96.44478,45.30469,Big Stone County,27011,27
-97.1715,48.0876,Grand Forks County,38035,38
-90.33,47.75,Cook County,27031,27
-95.97,46.055,Grant County,27051,27
-96.2,47.0,Clay County,27027,27
-92.97,43.64,Mower County,27099,27
-94.52,45.125,Meeker County,27093,27
-93.75,44.5,Le Sueur County,27079,27
-107.89444,40.05,Rio Blanco County,08103,08
-95.84,46.81,Becker County,27005,27
-93.93,45.6,Benton County,27009,27
-92.2237,44.4414,Wabasha County,27157,27
-103.12,34.5944,Curry County,35009,35
-95.3773,45.8625,Douglas County,27041,27
-104.68,34.95,Guadalupe County,35019,35
-93.86,44.42,Le Sueur County,27079,27
-103.587,40.262,Morgan County,08087,08
-108.198,36.731,San Juan County,35045,35
-94.66,43.63,Martin County,27091,27
-72.9279,41.3083,South Central Connecticut Planning Region,09170,09
-92.18917,43.84556,Fillmore County,27045,27
-95.15,44.5,Redwood County,27127,27
-108.27,32.77,Grant County,35017,35
-97.3369,37.6872,Sedgwick County,20173,20
-95.91,46.62,Otter Tail County,27111,27
-92.52,46.74,Carlton County,27017,27
-109.0,34.0,Catron County,35003,35
-97.0508606,39.8180592,Washington County,20201,20
-105.959,32.899,Otero County,35035,35
-99.76972,37.18667,Clark County,20025,20
-95.82667,38.63417,Osage County,20139,20
-95.693889,39.051111,Shawnee County,20177,20
-96.9,44.6167,Hamlin County,46057,46
-107.762,32.255,Luna County,35029,35
-96.5295,39.0756,Riley County,20161,20
-93.27,44.34,Rice County,27131,27
-95.6058333,45.3152778,Swift County,27151,27
-96.23,43.63,Rock County,27133,27
-105.57,36.41,Taos County,35055,35
-95.58,48.82,Roseau County,27135,27
-93.2,45.56,Isanti County,27059,27
-94.631,38.964,Johnson County,20091,20
-104.43,36.9,Colfax County,35007,35
-106.72,35.32,Sandoval County,35043,35
-105.21,35.58,San Miguel County,35047,35
-95.8,47.5,Polk County,27119,27
-93.4979,44.0733,Waseca County,27161,27
-97.1361111,37.7138889,Butler County,20015,20
-97.34,38.04,Harvey County,20079,20
-93.2453,44.0867,Steele County,27147,27
-95.89,43.63,Nobles County,27105,27
-100.53083,39.82306,Decatur County,20039,20
-100.34306,37.28361,Meade County,20119,20
-94.314,44.467,Sibley County,27143,27
-95.25,38.66,Franklin County,20059,20
-95.74528,38.19361,Coffey County,20031,20
-94.86556,45.97472,Todd County,27153,27
-105.47,36.315,Taos County,35055,35
-106.8833,34.0667,Socorro County,35053,35
-95.13611,46.4425,Wadena County,27159,27
-96.17,38.4,Lyon County,20111,20
-96.31722,43.99778,Pipestone County,27117,27
-99.90472,38.45417,Ness County,20135,20
-108.7086649,32.3503605,Hidalgo County,35023,35
-98.04194,37.15889,Harper County,20077,20
-122.98983,45.522896,Washington County,41067,41
-96.11,39.757,Nemaha County,20131,20
-99.8,39.1,Trego County,20195,20
-94.671,37.385,Crawford County,20037,20
-97.73,38.778,Saline County,20169,20
-91.3035514,43.8264695,Houston County,27055,27
-104.19306,35.94389,Harding County,35021,35
-98.04,39.83,Jewell County,20089,20
-106.31,35.89,Los Alamos County,35028,35
-121.78,42.23,Klamath County,41035,41
-123.19799,45.211449,Yamhill County,41071,41
-123.0868,44.0521,Lane County,41039,41
-121.52,45.66,Hood River County,41027,41
-117.83,44.78,Baker County,41001,41
-122.875595,42.326515,Jackson County,41029,41
-116.9711,44.0334,Malheur County,41045,41
-119.06,43.593,Harney County,41025,41
-123.8115,46.1865,Clatsop County,41007,41
-122.4403,45.5531,Multnomah County,41051,41
-122.6784,45.5152,Multnomah County,41051,41
-120.1850344,45.2342966,Gilliam County,41021,41
-123.0351,44.9429,Marion County,41047,41
-122.81389,45.85944,Columbia County,41009,41
-123.33,42.45,Josephine County,41033,41
-123.341738,43.216505,Douglas County,41019,41
-123.105927,44.636513,Linn County,41043,41
-124.053452,44.636784,Lincoln County,41041,41
-123.317047,44.919285,Polk County,41053,41
-123.78,45.52,Tillamook County,41057,41
-124.30306,42.0675,Curry County,41015,41
-118.08772,45.32458,Union County,41061,41
-119.11,45.82,Umatilla County,41059,41
-120.8344664,44.2998485,Crook County,41013,41
-120.345945,42.188673,Lake County,41037,41
-118.95639,44.41806,Grant County,41023,41
-121.12917,44.63056,Jefferson County,41031,41
-117.15,45.66,Wallowa County,41063,41
-121.167,45.606,Wasco County,41065,41
-119.7005834,45.839855,Morrow County,41049,41
-120.21611,44.99806,Wheeler County,41069,41
-96.593,39.199,Riley County,20161,20
-120.6975,45.59167,Sherman County,41055,41
-92.8025,39.42333,Chariton County,29041,29
-93.0032614,40.4769606,Putnam County,29171,29
-94.355,38.414,Bates County,29013,29
-95.23361,40.13639,Holt County,29087,29
-92.06,39.41,Monroe County,29137,29
-94.5786,39.0997,Jackson County,29095,29
-74.43,40.86,Morris County,34027,34
-92.3345,38.9517,Boone County,29019,29
-90.335,38.792,St. Louis County,29189,29
-90.1994,38.627,St. Louis city,29510,29
-74.72,40.66,Somerset County,34035,34
-91.01,38.54,Franklin County,29071,29
-93.2923,37.2089,Greene County,29077,29
-90.681,37.603,Iron County,29093,29
-90.09,36.25,Dunklin County,29069,29
-94.87,39.75,Doniphan County,20043,20
-91.28,39.55,Pike County,29163,29
-90.97139,38.97083,Lincoln County,29113,29
-92.417,40.209,Adair County,29001,29
-94.65,39.32,Platte County,29165,29
-92.52,39.75,Macon County,29121,29
-91.6251597,40.1250446,Lewis County,29111,29
-93.88,36.87,Barry County,29009,29
-92.4522845992506,40.2277297848358,Adair County,29001,29
-92.74,38.95,Cooper County,29053,29
-92.2,38.57,,,
-91.53,38.72,Montgomery County,29139,29
-96.915,39.064,Geary County,20061,20
-90.37333,38.42972,Jefferson County,29099,29
-93.219,36.646,Taney County,29213,29
-93.84333,37.41611,Dade County,29057,29
-93.38,38.29,Benton County,29015,29
-94.45833,38.80306,Cass County,29037,29
-91.87778,39.1625,Audrain County,29007,29
-92.23,37.95,Pulaski County,29169,29
-94.511,37.092,Jasper County,29097,29
-93.32,37.03,Christian County,29043,29
-94.513,37.0861,Jasper County,29097,29
-94.578331,39.099724,Jackson County,29095,29
-90.41,36.75,Butler County,29023,29
-89.5333,37.3067,Cape Girardeau County,29031,29
-90.77,37.49,Iron County,29093,29
-92.20306,39.34472,Monroe County,29137,29
-92.03972,39.69222,Shelby County,29205,29
-91.38,39.72,Marion County,29127,29
-93.96667,38.99889,Lafayette County,29107,29
-93.14,38.71,Pettis County,29159,29
-74.599779,39.378291,Atlantic County,34001,34
-92.66,38.17,Camden County,29029,29
-92.8,38.25,Morgan County,29141,29
-92.756,37.6713,Laclede County,29105,29
-91.77,37.95,Phelps County,29161,29
-92.8,37.3,Webster County,29225,29
-94.3,36.6,McDonald County,29119,29
-93.72056,36.97,Lawrence County,29109,29
-91.87,36.75,Howell County,29091,29
-92.42833,36.60306,Ozark County,29153,29
-92.8667,36.9333,Douglas County,29067,29
-90.2,37.65,St. Francois County,29187,29
-94.33333,40.24778,Gentry County,29075,29
-90.5,36.9,Butler County,29023,29
-89.34639,36.92139,Mississippi County,29133,29
-93.9702,39.9028,Daviess County,29061,29
-93.736,38.764,Johnson County,29101,29
-92.74,38.62,Moniteau County,29135,29
-92.062,38.865,Callaway County,29027,29
-92.53,37.63,Laclede County,29105,29
-90.7,38.8,St. Charles County,29183,29
-74.172367,40.735657,Essex County,34013,34
-93.2181,36.6419,Taney County,29213,29
-94.4,37.5,Barton County,29011,29
-93.09241,37.64393,Dallas County,29059,29
-94.03083,38.19056,St. Clair County,29185,29
-90.4531,37.7228,St. Francois County,29187,29
-89.55,36.63,New Madrid County,29143,29
-92.633,37.195,Wright County,29229,29
-74.41,40.52,Middlesex County,34023,34
-95.12,39.83,Doniphan County,20043,20
-94.3396,40.4105,Worth County,29227,29
-94.82806,39.93917,Andrew County,29003,29
-94.24106,39.74028,Clinton County,29049,29
-93.05,37.62,Dallas County,29059,29
-93.6046,39.3952,Carroll County,29033,29
-93.97,39.34,Ray County,29177,29
-91.73278,39.65417,Monroe County,29137,29
-92.22,38.53,Cole County,29051,29
-92.12,38.28,Maries County,29125,29
-95.62,39.89,Brown County,20013,20
-89.575,36.889,Scott County,29201,29
-90.341,37.173,Wayne County,29223,29
-91.95599,37.32616,Texas County,29215,29
-92.68,39.24,Howard County,29089,29
-75.179006,40.691974,Warren County,34041,34
-90.6,41.54,Scott County,19163,19
-94.24056,39.74306,Clinton County,29049,29
-93.5805,40.40084,Mercer County,29129,29
-93.07722,39.78528,Linn County,29115,29
-94.38,37.04,Newton County,29145,29
-91.08,42.83,Grant County,55043,55
-93.2163,39.9632,Linn County,29115,29
-91.40583,38.06722,Crawford County,29055,29
-91.71861,40.42389,Clark County,29045,29
-74.1713,40.9161,Passaic County,34031,34
-92.63,38.15,Camden County,29029,29
-90.824036,36.620788,Ripley County,29181,29
-94.8737,40.3639,Nodaway County,29147,29
-93.211,39.435,Chariton County,29041,29
-93.625,41.5861,Polk County,19153,19
-74.043,40.891,Bergen County,34003,34
-90.775,37.93361,Washington County,29221,29
-89.84,37.42,Cape Girardeau County,29031,29
-93.56,39.78,Livingston County,29117,29
-93.618,40.095,Grundy County,29079,29
-93.77167,38.37167,Henry County,29083,29
-93.99889,39.74389,Caldwell County,29025,29
-93.1769,40.1942,Sullivan County,29211,29
-90.04778,37.97556,Ste. Genevieve County,29186,29
-89.8767,37.5208,Bollinger County,29017,29
-92.42,39.4,Randolph County,29175,29
-92.17056,40.46139,Scotland County,29199,29
-74.550447,40.476872,Somerset County,34035,34
-92.92,42.07,Marshall County,19127,19
-89.7,36.23,Pemiscot County,29155,29
-92.04,42.13,Benton County,19011,19
-74.1723667,40.735657,Essex County,34013,34
-74.1833,40.42,Monmouth County,34025,34
-90.712,36.967,Carter County,29035,29
-92.37,42.49,Black Hawk County,19013,19
-106.2,37.61,Rio Grande County,08105,08
-104.632222,38.254722,Pueblo County,08101,08
-105.99806,39.22444,Park County,08093,08
-107.7831198,39.5347023,Garfield County,08045,08
-104.8214,38.8339,El Paso County,08041,08
-102.6233,38.0876,Prowers County,08099,08
-91.11,38.86,Warren County,29219,29
-92.5279662,40.5208627,Schuyler County,29197,29
-105.081,39.704,Jefferson County,08059,08
-91.35861,37.15083,Shannon County,29203,29
-107.8789,37.2756,La Plata County,08067,08
-105.5106,39.7439,Clear Creek County,08019,08
-93.57,41.33,Warren County,19181,19
-106.558,39.613,Eagle County,08037,08
-106.97,38.54,Gunnison County,08051,08
-108.5507,39.0691,Mesa County,08077,08
-94.03,37.78,Cedar County,29039,29
-74.0431,40.7176,Hudson County,34017,34
-75.119,39.925,Camden County,34007,34
-95.47333,42.34389,Ida County,19093,19
-93.0123,42.4769,Grundy County,19075,19
-90.65,42.5,Jo Daviess County,17085,17
-92.4,43.0,Chickasaw County,19037,19
-105.93722,37.17389,Conejos County,08021,08
-74.7429,40.2171,Mercer County,34021,34
-93.66,41.33,Warren County,19181,19
-92.95,41.41,Marion County,19125,19
-96.032,42.052,Monona County,19133,19
-91.043,41.43,Muscatine County,19139,19
-94.4613543,41.3052657,Adair County,19001,19
-104.9903,39.7392,Denver County,08031,08
-75.069092,39.748424,Gloucester County,34015,34
-93.63,42.03,Story County,19169,19
-91.54083,36.5225,Oregon County,29149,29
-75.503451,39.626341,Salem County,34033,34
-74.22,40.094,Ocean County,34029,34
-94.6,40.6,Taylor County,19173,19
-93.865278,41.608889,Dallas County,19049,19
-102.725,40.12278,Yuma County,08125,08
-91.765,40.682,Van Buren County,19177,19
-104.5,37.18,Las Animas County,08071,08
-92.9,41.1,Monroe County,19135,19
-93.78,43.27,Winnebago County,19189,19
-95.5556,42.7711,Cherokee County,19035,19
-92.95,40.76,Appanoose County,19007,19
-106.98,38.0,Saguache County,08109,08
-75.02,39.49,Cumberland County,34011,34
-106.8175,39.1911,Pitkin County,08097,08
-74.210278,40.663056,Union County,34039,34
-74.90081,39.856677,Burlington County,34005,34
-108.08,38.74,Delta County,08029,08
-104.831,39.729,Arapahoe County,08005,08
-92.7072,43.2631,Mitchell County,19131,19
-74.820866,39.07892,Cape May County,34009,34
-74.488755,41.195198,Sussex County,34037,34
-74.0321078790184,40.743710442132695,Hudson County,34017,34
-93.28,43.45,Worth County,19195,19
-96.4,42.49,Woodbury County,19193,19
-106.057,38.577,Chaffee County,08015,08
-92.42,41.033,Wapello County,19179,19
-91.33,42.5,Delaware County,19055,19
-105.27054,40.01499,Boulder County,08013,08
-92.00667,41.66694,Iowa County,19095,19
-96.28,43.44,Lyon County,19119,19
-95.02,41.37,Cass County,19029,19
-106.8315,40.4778,Routt County,08107,08
-103.2085,40.6274,Logan County,08075,08
-106.2836,40.7316,Jackson County,08057,08
-106.04,38.0989,Saguache County,08109,08
-103.0,38.0,Bent County,08011,08
-103.2144,40.1605,Washington County,08121,08
-91.5314,41.6613,Johnson County,19103,19
-104.8611,39.3722,Douglas County,08035,08
-103.63,39.27,Lincoln County,08073,08
-102.3532435,38.8213951,Cheyenne County,08017,08
-105.8711,37.485,Alamosa County,08003,08
-108.58,37.42,Montezuma County,08083,08
-104.9719243,39.8680412,Adams County,08001,08
-105.21,38.4471,Fremont County,08043,08
-105.0,37.61,Huerfano County,08055,08
-107.75056,38.15889,Ouray County,08091,08
-107.8673,38.4769,Montrose County,08085,08
-105.04,38.93,Teller County,08119,08
-107.865,37.935,San Miguel County,08113,08
-106.29,39.26,Lake County,08065,08
-105.4239012,37.2008483,Costilla County,08023,08
-104.65,39.353,Elbert County,08039,08
-102.33,39.25,Kit Carson County,08063,08
-106.038,39.4817,Summit County,08117,08
-107.547,40.579,Moffat County,08081,08
-105.91944,40.06472,Grand County,08049,08
-105.2705,40.01499,Boulder County,08013,08
-102.3025,40.584444,Phillips County,08095,08
-107.8678,38.4778,Montrose County,08085,08
-96.59,43.17,Lincoln County,46083,46
-97.3309,37.6872,Sedgwick County,20173,20
-102.78,37.22,Baca County,08009,08
-102.7818629,38.4805615,Kiowa County,08061,08
-104.9849,39.7392,Denver County,08031,08
-93.625,41.5865,Polk County,19153,19
-107.6633,37.8125,San Juan County,08111,08
-72.6733,41.7647,Capitol Planning Region,09110,09
-72.6819,41.7645,Capitol Planning Region,09110,09
-95.757,41.054,Mills County,19129,19
-72.9261896681651,41.3003103236133,South Central Connecticut Planning Region,09170,09
-72.426,41.847,Capitol Planning Region,09110,09
-73.195,41.186,Greater Bridgeport Planning Region,09120,09
-72.66,41.56,Lower Connecticut River Valley Planning Region,09130,09
-72.093,41.55,Southeastern Connecticut Planning Region,09180,09
-72.0863,41.5561,Southeastern Connecticut Planning Region,09180,09
-72.205,41.716,Southeastern Connecticut Planning Region,09180,09
-95.9025,41.55944,Harrison County,19085,19
-72.677,41.764,Capitol Planning Region,09110,09
-72.22,41.72,Southeastern Connecticut Planning Region,09180,09
-72.09,41.545,Southeastern Connecticut Planning Region,09180,09
-72.09,41.55,Southeastern Connecticut Planning Region,09180,09
-72.681,41.764,Capitol Planning Region,09110,09
-73.1233,41.8127,Northwest Hills Planning Region,09160,09
-72.65,41.55,Lower Connecticut River Valley Planning Region,09130,09
-72.09,41.56,Southeastern Connecticut Planning Region,09180,09
-73.12,41.8,Northwest Hills Planning Region,09160,09
-73.125,41.8103,Northwest Hills Planning Region,09160,09
-72.65,41.56,Lower Connecticut River Valley Planning Region,09130,09
-73.19556,41.18639,Greater Bridgeport Planning Region,09120,09
-72.676,41.764,Capitol Planning Region,09110,09
-72.685,41.7637,Capitol Planning Region,09110,09
-72.685,41.763333,Capitol Planning Region,09110,09
-73.195,41.185,Greater Bridgeport Planning Region,09120,09
-73.1959,41.1867,Greater Bridgeport Planning Region,09120,09
-73.117,41.799,Northwest Hills Planning Region,09160,09
-72.316667,41.983333,Capitol Planning Region,09110,09
-73.1959,41.1869,Greater Bridgeport Planning Region,09120,09
-93.25,41.05,Lucas County,19117,19
-72.6829,41.7641,Capitol Planning Region,09110,09
-72.07,41.56,Southeastern Connecticut Planning Region,09180,09
-72.33889,41.78444,Capitol Planning Region,09110,09
-72.682,41.764,Capitol Planning Region,09110,09
-71.87778,41.98444,Northeastern Connecticut Planning Region,09150,09
-72.44,41.89,Capitol Planning Region,09110,09
-72.6827,41.764,Capitol Planning Region,09110,09
-72.08,41.55,Southeastern Connecticut Planning Region,09180,09
-71.9,41.7,Northeastern Connecticut Planning Region,09150,09
-72.48722,41.63528,Capitol Planning Region,09110,09
-72.0907,41.5542,Southeastern Connecticut Planning Region,09180,09
-97.2122,38.9108,Dickinson County,20041,20
-97.69861,39.12472,Ottawa County,20143,20
-97.6128,38.8418,Saline County,20169,20
-100.85444,39.12806,Logan County,20109,20
-99.3011,39.7458,Phillips County,20147,20
-101.71,39.35,Sherman County,20181,20
-98.78333,39.77389,Smith County,20183,20
-101.5,39.39,Sherman County,20181,20
-101.7521158,38.8977867,Wallace County,20199,20
-95.2419192,38.2805772,Anderson County,20003,20
-94.708,37.405,Crawford County,20037,20
-98.758,38.36,Barton County,20009,20
-97.9386,38.1072,Reno County,20155,20
-97.337,37.6922,Sedgwick County,20173,20
-98.7600887,38.0022371,Stafford County,20185,20
-101.736,39.533,Sherman County,20181,20
-101.75,37.87,Hamilton County,20075,20
-101.75278,37.57056,Stanton County,20187,20
-96.31,39.205,Pottawatomie County,20149,20
-97.6211121,39.8267024,Republic County,20157,20
-98.07,37.47,Kingman County,20095,20
-98.14472,39.04083,Lincoln County,20105,20
-99.331,37.335,Comanche County,20033,20
-99.2926131,37.6027963,Kiowa County,20097,20
-100.872,37.97,Finney County,20055,20
-95.3,39.85,Doniphan County,20043,20
-97.17,38.36,Marion County,20115,20
-96.48972,38.66056,Morris County,20127,20
-96.5,37.08,Chautauqua County,20019,20
-99.772,37.968,Hodgeman County,20083,20
-99.9,38.0,Hodgeman County,20083,20
-100.4670844,38.4819612,Lane County,20101,20
-92.642222,41.251389,Mahaska County,19123,19
-101.0858,38.8461,Logan County,20109,20
-100.34528,37.80972,Gray County,20069,20
-95.591,39.466,Jackson County,20085,20
-94.92,39.315,Leavenworth County,20103,20
-101.56,39.92,Cheyenne County,20023,20
-99.1333,38.1333,Pawnee County,20145,20
-100.043333,37.781389,Ford County,20057,20
-94.71,37.07,Cherokee County,20021,20
-94.70528,38.17889,Linn County,20107,20
-94.636,39.107,Wyandotte County,20209,20
-95.61,37.04,Montgomery County,20125,20
-97.05,37.2,Cowley County,20035,20
-97.29,37.31,Sumner County,20191,20
-95.3138,39.215849,Jefferson County,20087,20
-101.63,39.74,Cheyenne County,20023,20
-99.81,39.66,Norton County,20137,20
-98.69944,39.44056,Osborne County,20141,20
-98.002,38.367,Rice County,20159,20
-95.2353,38.9717,Douglas County,20045,20
-99.75,39.75,Norton County,20137,20
-100.43972,39.35583,Sheridan County,20179,20
-94.86167,38.57917,Miami County,20121,20
-95.541111,37.114722,Montgomery County,20125,20
-95.87,37.55,Wilson County,20205,20
-99.95,38.5872,Ness County,20135,20
-96.25,37.93,Greenwood County,20073,20
-100.8333,37.0833,Seward County,20175,20
-92.7082,41.7458,Poweshiek County,19157,19
-98.64,37.3,Barber County,20007,20
-98.89,38.89,Russell County,20167,20
-95.12,39.56,Atchison County,20005,20
-100.8437736,37.4816911,Haskell County,20081,20
-97.336,37.687,Sedgwick County,20173,20
-100.23472,39.06667,Gove County,20063,20
-101.017,37.576,Haskell County,20081,20
-95.39,37.93,Allen County,20001,20
-95.44,37.68,Neosho County,20133,20
-97.16,39.36,Clay County,20027,20
-97.66,38.07,Harvey County,20079,20
-95.45,37.93,Allen County,20001,20
-98.74,37.65,Pratt County,20151,20
-96.26306,37.46944,Elk County,20049,20
-99.3208,38.8626,Ellis County,20051,20
-97.96,39.56,Mitchell County,20123,20
-99.8420649,39.3647281,Graham County,20065,20
-101.9689,37.0642,Morton County,20129,20
-96.5427845,38.3722364,Chase County,20017,20
-97.12,39.83,Washington County,20201,20
-100.94,37.04,Seward County,20175,20
-101.25833,37.94028,Kearny County,20093,20
-95.751794,43.400005,Osceola County,19143,19
-92.20444,41.33389,Keokuk County,19107,19
-92.8962,40.6323,Appanoose County,19007,19
-92.345,42.4936,Black Hawk County,19013,19
-92.77861,42.57389,Butler County,19023,19
-94.63306,42.39583,Calhoun County,19025,19
-94.87472,42.07306,Carroll County,19027,19
-91.12306,41.77028,Cedar County,19031,19
-93.23,43.15,Cerro Gordo County,19033,19
-90.215,41.843,Clinton County,19045,19
-95.35278,42.01611,Crawford County,19047,19
-93.5,40.65,Wayne County,19185,19
-93.625,41.5868,Polk County,19153,19
-95.13,43.33,Dickinson County,19059,19
-94.7542,43.4064,Emmet County,19063,19
-91.9364,42.6363,Buchanan County,19019,19
-92.66,43.07,Floyd County,19067,19
-93.23,42.99,Cerro Gordo County,19033,19
-95.64528,40.74889,Fremont County,19071,19
-92.76861,42.37,Grundy County,19075,19
-93.86,42.46,Hamilton County,19079,19
-91.281389,42.108889,Jones County,19105,19
-91.37,40.63,Lee County,19111,19
-91.6689,42.0331,Linn County,19113,19
-94.93,40.78,Page County,19145,19
-95.037875,40.742167,Page County,19145,19
-94.721358,40.666932,Taylor County,19173,19
-94.17,42.49,Webster County,19187,19
-91.79,43.31,Winneshiek County,19191,19
-93.7419,42.7794,Wright County,19197,19
-94.23,40.74,Ringgold County,19159,19
-91.5447,41.4317,Washington County,19183,19
-95.2435,41.0398,Montgomery County,19137,19
-96.16,42.75,Plymouth County,19149,19
-94.67306,42.73444,Pocahontas County,19151,19
-95.862,41.26,Pottawattamie County,19155,19
-91.71,41.3,Washington County,19183,19
-93.825,42.061,Boone County,19015,19
-95.15,43.3,Dickinson County,19059,19
-95.196,42.643,Buena Vista County,19021,19
-94.5,42.01,Greene County,19073,19
-92.05,43.25,Winneshiek County,19191,19
-94.24,42.75,Humboldt County,19091,19
-94.2,43.26,Kossuth County,19109,19
-91.18833,41.17972,Louisa County,19115,19
-94.04,41.32,Madison County,19121,19
-95.04,42.43,Sac County,19161,19
-93.6,42.8,Wright County,19197,19
-95.32,41.66,Shelby County,19165,19
-94.365,41.059722,Union County,19175,19
-93.31472,40.75361,Wayne County,19185,19
-95.0397,41.6359,Audubon County,19009,19
-90.6593,42.0433,Jackson County,19097,19
-92.57417,41.96472,Tama County,19171,19
-92.0092,41.3833,Keokuk County,19107,19
-91.23,43.25,Allamakee County,19005,19
-91.94,42.47,Buchanan County,19019,19
-95.856111,43.181111,O'Brien County,19141,19
-94.77,41.66,Audubon County,19009,19
-94.68111,43.12083,Palo Alto County,19147,19
-93.58560180664062,41.64469909667969,Polk County,19153,19
-92.3469467163086,42.4578971862793,Black Hawk County,19013,19
-92.34245300292967,42.49663162231445,Black Hawk County,19013,19
-91.18,30.45,East Baton Rouge Parish,22033,22
-92.0167,30.2167,Lafayette Parish,22055,22
-92.0706,32.4911,Ouachita Parish,22073,22
-93.75,32.5267,Caddo Parish,22017,22
-92.09,30.5333,St. Landry Parish,22097,22
-90.637,29.598,Terrebonne Parish,22109,22
-93.7,32.52,Bossier Parish,22015,22
-92.02,31.15,Avoyelles Parish,22009,22
-90.46,30.5222,Tangipahoa Parish,22105,22
-90.95,30.45,Livingston Parish,22063,22
-93.1911,33.1861,Columbia County,05027,05
-90.235,29.99,Jefferson Parish,22051,22
-91.19167,32.40667,Madison Parish,22065,22
-89.99833,29.85222,Plaquemines Parish,22075,22
-92.5,31.31,Rapides Parish,22079,22
-92.7,32.3,Jackson Parish,22049,22
-93.7025,32.03278,De Soto Parish,22031,22
-92.367,30.211,Acadia Parish,22001,22
-92.39,32.74,Union Parish,22111,22
-92.14083,32.02889,Caldwell Parish,22021,22
-93.07417,31.79806,Natchitoches Parish,22069,22
-92.09,29.98,Vermilion Parish,22113,22
-91.8,30.0,Iberia Parish,22045,22
-91.20667,29.96111,Assumption Parish,22007,22
-89.79,30.31,St. Tammany Parish,22103,22
-90.7,29.6,Terrebonne Parish,22109,22
-91.66,32.62,Richland Parish,22083,22
-92.657085,30.2224284,Jefferson Davis Parish,22053,22
-93.55,29.83,Cameron Parish,22023,22
-93.220278,30.214722,Calcasieu Parish,22019,22
-91.2,32.3,Madison Parish,22065,22
-90.0715,29.9511,Orleans Parish,22071,22
-91.25,30.3,Iberville Parish,22047,22
-92.63944,30.81056,Allen Parish,22003,22
-90.597,31.023,Amite County,28005,28
-91.72111,32.165,Franklin Parish,22041,22
-93.4840645,31.5687848,Sabine Parish,22085,22
-91.7548473,32.4773643,Richland Parish,22083,22
-91.8992837,30.2735323,St. Martin Parish,22099,22
-91.16,32.33,Madison Parish,22065,22
-91.5,30.74,Pointe Coupee Parish,22077,22
-90.94,30.25,Ascension Parish,22005,22
-90.54,30.11,St. John the Baptist Parish,22095,22
-90.699744,30.048867,St. James Parish,22093,22
-93.24,30.58,Beauregard Parish,22011,22
-90.07833,29.97611,Orleans Parish,22071,22
-91.24444,32.07083,Tensas Parish,22107,22
-91.31,30.75,West Feliciana Parish,22125,22
-92.71,31.66,Grant Parish,22043,22
-93.27,31.14,Vernon Parish,22115,22
-91.20972,30.44556,West Baton Rouge Parish,22121,22
-93.3421165,32.0148834,Red River Parish,22081,22
-93.0544,31.9039,Natchitoches Parish,22069,22
-91.42,31.6,Adams County,28001,28
-91.20806,30.83472,East Feliciana Parish,22037,22
-92.70028,31.52083,Grant Parish,22043,22
-89.95,29.95,St. Bernard Parish,22087,22
-91.206,29.692,St. Mary Parish,22101,22
-93.28,32.63,Webster Parish,22119,22
-89.84,30.75,Washington Parish,22117,22
-92.11833,32.50944,Ouachita Parish,22073,22
-91.1871,30.4515,East Baton Rouge Parish,22033,22
-91.1564961,30.6485191,East Baton Rouge Parish,22033,22
-92.64,32.52,Lincoln Parish,22061,22
-91.82889,31.62556,Catahoula Parish,22025,22
-92.26,30.76,Evangeline Parish,22039,22
-90.36389,29.91333,St. Charles Parish,22089,22
-93.05833,32.79306,Claiborne Parish,22027,22
-92.5217,31.3134,Rapides Parish,22079,22
-93.7508,32.5253,Caddo Parish,22017,22
-93.2173758,30.2265949,Calcasieu Parish,22019,22
-92.4451371,31.3112936,Rapides Parish,22079,22
-90.91972,30.22722,Ascension Parish,22005,22
-91.11387634277344,30.38939094543457,East Baton Rouge Parish,22033,22
-71.31472,42.63944,Middlesex County,25017,25
-71.8022934,42.2625932,Worcester County,25027,25
-71.15556,41.70139,Bristol County,25005,25
-71.8023,42.2626,Worcester County,25027,25
-71.05888,42.36008,Suffolk County,25025,25
-71.3161,42.6333,Middlesex County,25017,25
-70.9206628610629,42.354953150339,Suffolk County,25025,25
-79.9591293334961,39.6294174194336,Monongalia County,54061,54
-72.9302978515625,41.30775833129883,South Central Connecticut Planning Region,09170,09
-73.44451141357422,41.598392486572266,Western Connecticut Planning Region,09190,09
-81.1036376953125,38.05258560180664,Fayette County,54019,54
-72.64291381835938,41.75756072998047,Capitol Planning Region,09110,09
-95.279296875,38.97499847412109,Douglas County,20045,20
-92.93486785888672,42.0523796081543,Marshall County,19127,19
-90.3107681274414,38.63302993774414,St. Louis County,29189,29
-98.16761779785156,29.86511611938477,Comal County,48091,48
-111.88818359375,40.574256896972656,Salt Lake County,49035,49
-80.12879180908203,40.27116775512695,Washington County,42125,42
-94.17182159423828,36.04977798461914,Washington County,05143,05
-73.97370147705078,40.644901275634766,Kings County,36047,36
-71.05960845947266,42.35722732543945,Suffolk County,25025,25
-97.04049682617188,47.875301361083984,Grand Forks County,38035,38
-117.19512176513672,32.996795654296875,San Diego County,06073,06
-96.81971740722656,32.918060302734375,Dallas County,48113,48
-93.27413177490234,44.98618316650391,Hennepin County,27053,27
-81.66117095947266,41.43376541137695,Cuyahoga County,39035,39
-81.02239990234375,33.990501403808594,Richland County,45079,45
-88.26310729980469,37.79805374145508,Gallatin County,17059,17
-122.31285095214844,47.6647834777832,King County,53033,53
-94.04190063476562,44.17279815673828,Nicollet County,27103,27
-95.34073638916016,29.766786575317383,Harris County,48201,48
-77.08099365234375,38.94761657714844,District of Columbia,11001,11
-90.18340301513672,32.31233596801758,Hinds County,28049,28
-80.36909484863281,26.10404396057129,Broward County,12011,12
-85.45929718017578,31.120899200439453,Houston County,01069,01
-75.38655090332031,40.04227066040039,Delaware County,42045,42
-118.1845932006836,33.81966018676758,Los Angeles County,06037,06
-81.65653991699219,38.33366012573242,Kanawha County,54039,54
-71.04818725585938,42.35274887084961,Suffolk County,25025,25
-118.07569885253906,33.83562469482422,Los Angeles County,06037,06
-83.2786865234375,36.21918869018555,Hamblen County,47063,47
-95.35787200927734,29.75213050842285,Harris County,48201,48
-98.09622192382812,29.74023056030273,Comal County,48091,48
-82.5117416381836,27.98876953125,Hillsborough County,12057,12
-74.00189208984375,40.72854232788086,New York County,36061,36
-85.62811279296875,38.24240112304688,Jefferson County,21111,21
-87.62480926513672,41.879920959472656,Cook County,17031,17
-112.05718994140624,33.463111877441406,Maricopa County,04013,04
-72.67607879638672,41.765621185302734,Capitol Planning Region,09110,09
-82.37159729003906,27.940399169921875,Hillsborough County,12057,12
-95.36540985107422,29.75929450988769,Harris County,48201,48
-97.44709777832033,35.219600677490234,Cleveland County,40027,40
-71.4092025756836,41.827125549316406,Providence County,44007,44
-76.1362075805664,43.03622817993164,Onondaga County,36067,36
-81.89869689941406,26.55599975585937,Lee County,12071,12
-75.5628890991211,40.590938568115234,Lehigh County,42077,42
-97.51949310302734,35.4688606262207,Oklahoma County,40109,40
-105.2579574584961,40.01204681396485,Boulder County,08013,08
-71.96350860595703,41.353153228759766,Southeastern Connecticut Planning Region,09180,09
-94.40910339355467,35.402835845947266,Sebastian County,05131,05
-117.9638214111328,34.134220123291016,Los Angeles County,06037,06
-81.16102600097656,32.06724548339844,Chatham County,13051,13
-93.24400329589844,44.971900939941406,Hennepin County,27053,27
-118.22716522216795,34.69447326660156,Los Angeles County,06037,06
-71.09944152832031,42.31409454345703,Suffolk County,25025,25
-74.4393081665039,40.48825073242188,Middlesex County,34023,34
-76.27014923095703,39.98847961425781,Lancaster County,42071,42
-97.30404663085938,27.892253875732425,San Patricio County,48409,48
-118.087158203125,34.5814208984375,Los Angeles County,06037,06
-84.38243103027344,33.75691604614258,Fulton County,13121,13
-76.22054290771484,40.04027938842773,Lancaster County,42071,42
-105.47370147705078,39.405391693115234,Park County,08093,08
-76.20449829101562,36.89829254150391,Norfolk city,51710,51
-75.52268981933594,39.15898513793945,Kent County,10001,10
-151.2615966796875,60.55472946166992,Kenai Peninsula Borough,02122,02
-71.39224243164062,42.420448303222656,Middlesex County,25017,25
-75.53095245361328,40.61176300048828,Lehigh County,42077,42
-76.99203491210938,39.00896453857422,Montgomery County,24031,24
-92.45610809326172,42.51718521118164,Black Hawk County,19013,19
-71.0906982421875,42.3319091796875,Suffolk County,25025,25
-117.8122329711914,33.86099624633789,Orange County,06059,06
-76.1468505859375,40.167030334472656,Lancaster County,42071,42
-83.63521575927734,41.37653350830078,Wood County,39173,39
-98.66826629638672,29.48485374450684,Bexar County,48029,48
-117.22866821289062,32.94070053100586,San Diego County,06073,06
-117.93373107910156,34.10565185546875,Los Angeles County,06037,06
-104.88353729248048,39.729759216308594,Arapahoe County,08005,08
-85.16167449951172,35.015499114990234,Hamilton County,47065,47
-121.75032806396484,38.55638122558594,Yolo County,06113,06
-121.492919921875,38.64576721191406,Sacramento County,06067,06
-79.71768188476562,40.264068603515625,Westmoreland County,42129,42
-96.83251953125,46.86959838867188,Cass County,38017,38
-98.22541809082033,29.56037139892578,Guadalupe County,48187,48
-119.747802734375,36.81119918823242,Fresno County,06019,06
-98.03919982910156,29.572099685668945,Guadalupe County,48187,48
-121.81038665771484,39.71989059448242,Butte County,06007,06
-80.272216796875,26.096900939941406,Broward County,12011,12
-79.18150329589844,37.35340118408203,Lynchburg city,51680,51
-98.4645004272461,29.49139976501465,Bexar County,48029,48
-97.44432830810548,37.71429061889648,Sedgwick County,20173,20
-82.10531616210938,34.62715530395508,Laurens County,45059,45
-76.25879669189453,36.70962142944336,Chesapeake city,51550,51
-80.84329986572266,35.22664260864258,Mecklenburg County,37119,37
-117.15934753417967,32.7087287902832,San Diego County,06073,06
-71.96379089355469,41.3538703918457,Southeastern Connecticut Planning Region,09180,09
-96.77330780029295,46.87594604492188,Clay County,27027,27
-90.25953674316406,38.62535095214844,St. Louis city,29510,29
-75.88542175292969,41.246070861816406,Luzerne County,42079,42
-117.09821319580078,32.71699523925781,San Diego County,06073,06
-94.1730728149414,36.19409942626953,Washington County,05143,05
-118.24986267089844,34.05426788330078,Los Angeles County,06037,06
-74.18013000488281,40.74148178100586,Essex County,34013,34
-93.5988311767578,44.54644393920898,Scott County,27139,27
-112.08103942871094,33.43672561645508,Maricopa County,04013,04
-111.00959777832033,32.31719970703125,Pima County,04019,04
-117.39800262451172,34.00590133666992,Riverside County,06065,06
-76.74281311035156,39.12131118774414,Anne Arundel County,24003,24
-97.32086944580078,27.90204429626465,San Patricio County,48409,48
-121.98917388916016,36.98505783081055,Santa Cruz County,06087,06
-118.33602142333984,34.104061126708984,Los Angeles County,06037,06
-111.07353973388672,32.33924865722656,,,
-76.59368896484375,39.29457473754883,,,
-80.11395263671875,26.040620803833008,,,
-73.72724151611328,41.20681381225586,Westchester County,36119,36
-72.71007537841797,41.75476837158203,Capitol Planning Region,09110,09
-70.15623474121094,41.67527770996094,Barnstable County,25001,25
-118.1557846069336,33.797828674316406,Los Angeles County,06037,06
-117.16590118408205,32.709598541259766,San Diego County,06073,06
-85.18228149414062,42.31916046142578,Calhoun County,26025,26
-95.3374481201172,29.698278427124023,Harris County,48201,48
-119.8043975830078,36.76800155639648,Fresno County,06019,06
-92.48429870605467,44.02117919921875,Olmsted County,27109,27
-97.65984344482422,30.52584648132324,Williamson County,48491,48
-95.55976104736328,29.780675888061523,Harris County,48201,48
-117.14908599853516,32.70899963378906,,,
-78.98627471923828,38.09452819824219,Augusta County,51015,51
-86.2352523803711,41.657470703125,St. Joseph County,18141,18
-104.9956283569336,39.7480583190918,,,
-93.21102905273438,44.8832893371582,Hennepin County,27053,27
-122.45742797851562,47.42354965209961,,,
-78.84900665283203,35.72501754760742,,,
-85.13471984863281,35.03590774536133,Hamilton County,47065,47
-79.95526885986328,39.62884521484375,Monongalia County,54061,54
-83.94490051269531,33.97769927978516,Gwinnett County,13135,13
-111.21722412109376,39.95061111450195,Utah County,49049,49
-83.90615844726562,33.992549896240234,Gwinnett County,13135,13
-81.6918716430664,41.499271392822266,Cuyahoga County,39035,39
-92.38922882080078,35.230430603027344,Faulkner County,05045,05
-94.20870971679688,36.37213134765625,,,
-87.65706634521484,41.9853515625,Cook County,17031,17
-89.62076568603516,42.30052947998047,Stephenson County,17177,17
-101.3021011352539,48.19377899169922,Ward County,38101,38
-122.71309661865234,38.94869995117188,Lake County,06033,06
-81.61710357666016,30.47691535949707,Duval County,12031,12
-111.66639709472656,40.24810028076172,,,
-74.15591430664062,40.93385314941406,Passaic County,34031,34
-88.70240020751953,32.36470031738281,Lauderdale County,28075,28
-97.98809814453124,29.56789970397949,Guadalupe County,48187,48
-82.63813018798828,27.7639217376709,Pinellas County,12103,12
-112.06800842285156,33.376827239990234,Maricopa County,04013,04
-108.597900390625,45.73210906982422,,,
-122.42137908935548,37.78115463256836,San Francisco County,06075,06
-84.38589477539062,33.75669479370117,,,
-85.71744537353516,38.23605346679688,Jefferson County,21111,21
-82.46219635009766,27.950899124145508,Hillsborough County,12057,12
-70.58522033691406,41.70042037963867,,,
-82.93521881103516,42.47869110107422,Macomb County,26099,26
-95.69554138183594,39.05625534057617,Shawnee County,20177,20
-89.98885345458984,43.00458908081055,Iowa County,55049,55
-82.3632583618164,34.83941650390625,Greenville County,45045,45
-81.03058624267578,34.00402069091797,Richland County,45079,45
-75.22066497802734,39.99908447265625,Philadelphia County,42101,42
-76.95121002197266,38.9842414855957,Prince George's County,24033,24
-87.63361358642578,41.805789947509766,Cook County,17031,17
-79.43549346923828,36.08984756469727,,,
-93.36115264892578,35.84807586669922,Newton County,05101,05
-77.16822814941406,40.45872116088867,,,
-120.00232696533205,38.90842819213867,El Dorado County,06017,06
-122.41372680664062,37.79001235961914,,,
-106.26880645751952,42.82891082763672,Natrona County,56025,56
-91.1210479736328,42.484745025634766,,,
-90.35897064208984,38.65819549560547,,,
-117.9150619506836,33.835044860839844,,,
-81.10884857177734,32.09199142456055,Chatham County,13051,13
-79.18016052246094,37.36383438110352,Lynchburg city,51680,51
-88.31520080566406,36.3015251159668,,,
-93.3479995727539,43.67729949951172,Freeborn County,27047,27
-71.97205352783203,41.35272216796875,Southeastern Connecticut Planning Region,09180,09
-87.8044662475586,41.97439956665039,Cook County,17031,17
-104.84943389892578,38.781681060791016,El Paso County,08041,08
-121.78456115722656,38.67805862426758,Yolo County,06113,06
-122.4897689819336,37.65058517456055,San Mateo County,06081,06
-95.32142639160156,29.769161224365234,Harris County,48201,48
-119.05010986328124,35.43440628051758,Kern County,06029,06
-78.78577423095703,35.82416534423828,Wake County,37183,37
-71.97238159179688,41.35222244262695,Southeastern Connecticut Planning Region,09180,09
-78.68092346191406,35.868431091308594,Wake County,37183,37
-98.08488464355467,29.707029342651367,Comal County,48091,48
-87.64219665527344,41.88420104980469,Cook County,17031,17
-79.95388793945312,39.63193130493164,,,
-75.57891845703125,39.752071380615234,New Castle County,10003,10
-76.32210540771484,40.03976440429688,,,
-108.50205993652344,45.78714370727539,Yellowstone County,30111,30
-112.1093978881836,33.617401123046875,Maricopa County,04013,04
-114.26239776611328,43.47029876708984,Blaine County,16013,16
-95.93443298339844,41.256465911865234,Douglas County,31055,31
-90.66718292236328,35.848907470703125,Craighead County,05031,05
-91.65473175048828,41.91218948364258,Linn County,19113,19
-114.3386459350586,48.40904998779297,Flathead County,30029,30
-83.93997955322266,35.967041015625,Knox County,47093,47
-97.48978424072266,35.39591598510742,Oklahoma County,40109,40
-83.76850128173828,39.91859817504883,Clark County,39023,39
-82.33955383300781,29.61625862121582,Alachua County,12001,12
-77.8556137084961,40.80864334106445,,,
-84.7201919555664,45.85380172729492,Mackinac County,26097,26
-88.2796859741211,42.09846878051758,Kane County,17089,17
-118.19691467285156,33.76263427734375,Los Angeles County,06037,06
-82.4127426147461,34.8521842956543,Greenville County,45045,45
-93.00039672851562,45.32170104980469,Chisago County,27025,27
-92.51695251464844,34.6528205871582,,,
-83.92788696289062,39.70048522949219,Greene County,39057,39
-85.0593032836914,35.38399887084961,Hamilton County,47065,47
-112.18370056152344,33.66440963745117,Maricopa County,04013,04
-91.6610870361328,41.98208999633789,,,
-108.49958801269533,45.78656005859375,Yellowstone County,30111,30
-81.0928955078125,32.080474853515625,Chatham County,13051,13
-80.18800354003906,25.77482986450196,Miami-Dade County,12086,12
-118.3542938232422,33.91851806640625,,,
-79.0602798461914,35.961997985839844,Orange County,37135,37
-76.58473205566406,38.598670959472656,Calvert County,24009,24
-82.97418212890625,40.14720916748047,Delaware County,39041,39
-95.56916046142578,29.734994888305664,Harris County,48201,48
-82.0030746459961,36.696533203125,,,
-74.92252349853516,40.07661819458008,,,
-97.74437713623048,30.251270294189453,Travis County,48453,48
-95.36408996582033,29.76049041748047,Harris County,48201,48
-84.53634643554688,33.95022964477539,Cobb County,13067,13
-122.45274353027344,37.724910736083984,San Francisco County,06075,06
-80.32637023925781,26.10903549194336,Broward County,12011,12
-118.29483032226562,34.0986213684082,Los Angeles County,06037,06
-122.29346466064452,47.72319030761719,King County,53033,53
-96.6891632080078,40.81940841674805,Lancaster County,31109,31
-98.68087768554688,29.53388023376465,Bexar County,48029,48
-72.66899108886719,41.75942993164063,,,
-97.5225601196289,35.51612854003906,Oklahoma County,40109,40
-117.05057525634766,32.93544387817383,San Diego County,06073,06
-74.16790771484375,40.906280517578125,Passaic County,34031,34
-98.24784088134766,32.23093032836914,Erath County,48143,48
-86.30583953857422,32.375919342041016,,,
-105.09005737304688,39.74226760864258,,,
-95.6960906982422,39.05240249633789,Shawnee County,20177,20
-71.07659912109375,42.33810043334961,Suffolk County,25025,25
-72.70469665527344,41.99256134033203,,,
-118.26580047607422,34.04600143432617,Los Angeles County,06037,06
-97.1224365234375,31.58105659484864,McLennan County,48309,48
-84.25652313232422,34.06966018676758,Fulton County,13121,13
-110.66876983642578,33.35854721069336,Gila County,04007,04
-93.72393798828124,44.38375854492188,Le Sueur County,27079,27
-117.3739242553711,33.98321533203125,Riverside County,06065,06
-81.6563720703125,30.32781982421875,Duval County,12031,12
-96.55770111083984,39.18870162963867,Pottawatomie County,20149,20
-85.75760650634766,38.25468826293945,,,
-75.54912567138672,39.740840911865234,New Castle County,10003,10
-80.32757568359375,26.06173324584961,,,
-118.3368682861328,34.118038177490234,,,
-75.69979858398438,39.43920135498047,New Castle County,10003,10
-83.6375503540039,41.376991271972656,Wood County,39173,39
-75.1675033569336,39.95069885253906,Philadelphia County,42101,42
-118.07665252685548,33.978515625,,,
-80.19371032714844,25.86427497863769,Miami-Dade County,12086,12
-80.28807067871094,26.104087829589844,Broward County,12011,12
-110.79290008544922,43.46580123901367,Teton County,56039,56
-84.2497329711914,33.96369552612305,,,
-90.50101470947266,41.55271530151367,Scott County,19163,19
-89.51775360107422,37.308101654052734,Cape Girardeau County,29031,29
-104.9620132446289,39.68009567260742,Denver County,08031,08
-73.9521713256836,40.75948333740234,New York County,36061,36
-106.7480010986328,32.28300094604492,,,
-84.39385223388672,33.803741455078125,Fulton County,13121,13
-73.9690933227539,40.76272964477539,,,
-80.04585266113281,33.01009750366211,,,
-98.19418334960938,26.1672306060791,Hidalgo County,48215,48
-93.1570816040039,35.22076797485352,Yell County,05149,05
-121.4551773071289,38.554290771484375,Sacramento County,06067,06
-92.40185546875,42.50818634033203,Black Hawk County,19013,19
-87.67821502685547,42.050479888916016,Cook County,17031,17
-117.16229248046876,32.718631744384766,San Diego County,06073,06
-104.8995132446289,39.62620544433594,Denver County,08031,08
-119.19569396972656,34.14969253540039,Ventura County,06111,06
-98.50726318359376,29.433399200439453,Bexar County,48029,48
-71.40708923339844,41.82622146606445,Providence County,44007,44
-91.7599639892578,35.588287353515625,Independence County,05063,05
-98.2549285888672,29.61855697631836,Comal County,48091,48
-98.08283996582033,29.695968627929688,Comal County,48091,48
-83.92068481445312,35.960655212402344,,,
-116.67479705810548,44.570499420166016,Washington County,16087,16
-119.34777069091795,35.53929901123047,Kern County,06029,06
-94.7253875732422,38.9361686706543,,,
-97.16405487060548,31.512767791748047,McLennan County,48309,48
-73.97832489013672,40.77316665649414,New York County,36061,36
-90.7361068725586,33.74302673339844,Bolivar County,28011,28
-83.67330169677734,41.52080154418945,Wood County,39173,39
-95.53548431396484,29.96368980407715,Harris County,48201,48
-119.14498901367188,34.2238883972168,Ventura County,06111,06
-117.94345092773438,33.80339813232422,Orange County,06059,06
-120.43515014648438,34.93885803222656,Santa Barbara County,06083,06
-95.34578704833984,29.758060455322266,Harris County,48201,48
-82.92993927001953,42.59893798828125,Macomb County,26099,26
-88.41453552246094,33.49710464477539,Lowndes County,28087,28
-94.37860107421876,38.88999938964844,Jackson County,29095,29
-81.26376342773438,28.68747329711914,Seminole County,12117,12
-75.35690307617188,41.06039810180664,Monroe County,42089,42
-117.1585922241211,32.715545654296875,San Diego County,06073,06
-112.0717315673828,33.373565673828125,Maricopa County,04013,04
-117.92418670654295,33.83363723754883,Orange County,06059,06
-121.08797454833984,37.71388244628906,Stanislaus County,06099,06
-121.06681060791016,38.90098190307617,Placer County,06061,06
-118.23410034179688,34.19411849975586,Los Angeles County,06037,06
-95.90850067138672,36.726600646972656,Washington County,40147,40
-121.89024353027344,37.33148956298828,Santa Clara County,06085,06
-95.36617279052734,29.74597549438477,Harris County,48201,48
-112.06175231933594,33.65319061279297,Maricopa County,04013,04
-93.0120849609375,45.08397674560547,Ramsey County,27123,27
-76.97001647949219,39.00376129150391,Prince George's County,24033,24
-76.98927307128906,39.03936004638672,Montgomery County,24031,24
-99.5137710571289,27.545419692993164,Webb County,48479,48
-80.03060913085938,32.98200607299805,Berkeley County,45015,45
-95.36969757080078,29.760395050048828,Harris County,48201,48
-82.51689910888672,39.45149993896485,Hocking County,39073,39
-97.8415985107422,30.233755111694336,Travis County,48453,48
-90.67970275878906,42.50320053100586,Dubuque County,19061,19
-71.05985260009766,42.3653564453125,Suffolk County,25025,25
-117.82647705078124,33.60585021972656,Orange County,06059,06
-74.02317810058594,41.14881134033203,Rockland County,36087,36
-84.49933624267578,38.0543212890625,Fayette County,21067,21
-86.1355972290039,39.71049880981445,Marion County,18097,18
-89.53600311279297,34.36280059814453,Lafayette County,28071,28
-94.40699005126952,35.41264343261719,Sebastian County,05131,05
-108.41867065429688,43.03486633300781,Fremont County,56013,56
-79.85041046142578,38.8941764831543,Randolph County,54083,54
-117.13597869873048,32.77653121948242,San Diego County,06073,06
-110.9943389892578,32.26686477661133,Pima County,04019,04
-113.55764770507812,37.08705520629883,Washington County,49053,49
-98.2397689819336,29.510528564453125,Bexar County,48029,48
-95.46946716308594,30.319869995117188,Montgomery County,48339,48
-88.0245590209961,41.82907104492188,DuPage County,17043,17
-75.97834777832031,40.37577438354492,Berks County,42011,42
-117.15299987792967,32.71870040893555,San Diego County,06073,06
-76.8365707397461,38.93379211425781,Prince George's County,24033,24
-87.39689636230469,37.61557769775391,McLean County,21149,21
-117.32511901855467,34.18336868286133,San Bernardino County,06071,06
-80.23988342285156,26.08391571044922,Broward County,12011,12
-83.72314453125,34.81102752685547,Towns County,13281,13
-118.24340057373048,34.055198669433594,Los Angeles County,06037,06
-111.64659881591795,40.25673294067383,Utah County,49049,49
-76.88562774658203,40.262306213378906,Dauphin County,42043,42
-98.11872863769533,29.707979202270508,Comal County,48091,48
-92.3395004272461,34.72100067138672,Pulaski County,05119,05
-112.29730987548828,40.612300872802734,Tooele County,49045,49
-90.47008514404295,38.6764030456543,St. Louis County,29189,29
-115.06468200683594,35.99702072143555,Clark County,32003,32
-95.33607482910156,29.69730567932129,Harris County,48201,48
-80.2562026977539,25.772289276123047,Miami-Dade County,12086,12
-91.17801666259766,30.451461791992188,East Baton Rouge Parish,22033,22
-80.49141693115234,25.419095993041992,Miami-Dade County,12086,12
-98.41643524169922,29.37265586853028,Bexar County,48029,48
-72.56221008300781,42.19586181640625,Hampden County,25013,25
-84.39273834228516,33.74740219116211,Fulton County,13121,13
-83.65773010253906,41.38858795166016,Wood County,39173,39
-75.5282211303711,39.15574264526367,Kent County,10001,10
-83.47319793701172,41.30210113525391,Wood County,39173,39
-76.6216812133789,39.28382110595703,Baltimore city,24510,24
-84.3903579711914,33.7503547668457,Fulton County,13121,13
-74.6487808227539,41.67472076416016,Sullivan County,36105,36
-98.49446868896484,29.432357788085938,Bexar County,48029,48
-122.33721160888672,47.60557556152344,King County,53033,53
-97.7229232788086,30.496198654174805,Williamson County,48491,48
-76.303955078125,40.04661178588867,Lancaster County,42071,42
-118.20547485351562,34.86872100830078,Kern County,06029,06
-90.18688201904295,38.89059829711914,Madison County,17119,17
-98.90756225585938,48.01602935791016,Benson County,38005,38
-74.0817642211914,40.76765060424805,Hudson County,34017,34
-80.37248229980469,26.086259841918945,Broward County,12011,12
-71.05120849609375,42.34571075439453,Suffolk County,25025,25
-90.63089752197266,42.97439956665039,Grant County,55043,55
-88.52081298828125,41.62925338745117,Kendall County,17093,17
-83.15583038330078,39.7985954284668,Pickaway County,39129,39
-83.64701843261719,41.3732795715332,Wood County,39173,39
-97.71183013916016,30.34562492370605,Travis County,48453,48
-75.91010284423828,41.2943000793457,Luzerne County,42079,42
-115.1396942138672,36.15859222412109,Clark County,32003,32
-97.50718688964844,35.52091979980469,Oklahoma County,40109,40
-76.82759094238281,40.66762924194336,Northumberland County,42097,42
-108.59483337402344,45.7557258605957,Yellowstone County,30111,30
-104.7773895263672,39.54056930541992,Douglas County,08035,08
-98.13058471679688,29.6970272064209,Comal County,48091,48
-75.81743621826172,40.26709747314453,Berks County,42011,42
-83.63738250732422,41.04513931274414,Hancock County,39063,39
-74.12861633300781,41.02943801879883,Bergen County,34003,34
-86.8115005493164,33.47769927978516,Jefferson County,01073,01
-118.46082305908205,34.04991149902344,Los Angeles County,06037,06
-84.16504669189453,33.786895751953125,DeKalb County,13089,13
-118.4403839111328,34.03788757324219,Los Angeles County,06037,06
-89.50845336914062,44.89995193481445,Marathon County,55073,55
-93.4086685180664,44.97492218017578,Hennepin County,27053,27
-97.500732421875,35.478057861328125,Oklahoma County,40109,40
-117.95806121826172,33.931758880615234,Orange County,06059,06
-88.5721206665039,39.13803482055664,Effingham County,17049,17
-120.18419647216795,37.77479934692383,Tuolumne County,06109,06
-90.27725219726562,38.77397918701172,St. Louis County,29189,29
-95.40625,29.70576477050781,Harris County,48201,48
-79.97478485107422,39.6456413269043,Monongalia County,54061,54
-76.3074951171875,40.03765487670898,Lancaster County,42071,42
-111.98465728759766,33.51081848144531,Maricopa County,04013,04
-71.06289672851562,42.35770034790039,Suffolk County,25025,25
-88.0633773803711,30.69166374206543,Mobile County,01097,01
-87.57392883300781,37.83130645751953,Henderson County,21101,21
-86.04316711425781,39.97779083251953,Hamilton County,18057,18
-97.44491577148438,35.21036148071289,Cleveland County,40027,40
-83.1781005859375,32.183773040771484,Dodge County,13091,13
-118.48863983154295,34.27461624145508,Los Angeles County,06037,06
-106.6490478515625,35.08391189575195,Bernalillo County,35001,35
-81.58255767822266,30.33328056335449,Duval County,12031,12
-96.8520050048828,46.84938430786133,Cass County,38017,38
-77.0175552368164,38.89673614501953,District of Columbia,11001,11
-98.0811996459961,29.64539909362793,Guadalupe County,48187,48
-122.41300964355467,37.78278350830078,San Francisco County,06075,06
-118.85929870605467,34.19908142089844,Ventura County,06111,06
-85.66988372802734,42.963504791259766,Kent County,26081,26
-79.16705322265625,37.4041748046875,Lynchburg city,51680,51
-70.28913116455078,41.66529083251953,Barnstable County,25001,25
-122.09456634521484,37.958984375,Contra Costa County,06013,06
-98.11803436279295,29.70730781555176,Comal County,48091,48
-122.67410278320312,45.527099609375,Multnomah County,41051,41
-72.77812957763672,41.74516296386719,Capitol Planning Region,09110,09
-110.9638442993164,32.219444274902344,Pima County,04019,04
-75.38758087158203,40.04315185546875,Delaware County,42045,42
-83.84210205078125,33.57427978515625,Newton County,13217,13
-93.2762222290039,36.52603149414063,Taney County,29213,29
-106.01277160644533,35.633785247802734,Santa Fe County,35049,35
-121.83769989013672,39.72917938232422,Butte County,06007,06
-75.23026275634766,38.54241180419922,Sussex County,10005,10
-76.5947036743164,39.75080108642578,York County,42133,42
-77.19895935058594,40.177879333496094,Cumberland County,42041,42
-119.78350067138672,46.21480178833008,Benton County,53005,53
-83.92726135253906,36.03636932373047,Knox County,47093,47
-76.01708221435547,40.98823547363281,Luzerne County,42079,42
-118.44464874267578,34.045936584472656,Los Angeles County,06037,06
-111.9004364013672,40.76874923706055,Salt Lake County,49035,49
-70.19815826416016,41.6802864074707,Barnstable County,25001,25
-88.93109893798828,40.45800018310547,McLean County,17113,17
-122.20709228515624,47.82059097290039,Snohomish County,53061,53
-79.54114532470703,41.23801803588867,Clarion County,42031,42
-93.90966796875,35.30976104736328,Logan County,05083,05
-93.2665023803711,44.97560119628906,Hennepin County,27053,27
-83.96141815185547,35.95600128173828,Knox County,47093,47
-94.0707778930664,30.04404640197754,Jefferson County,48245,48
-86.24651336669922,43.05696868896485,Ottawa County,26139,26
-74.21333312988281,40.6990852355957,Union County,34039,34
-104.7626495361328,38.98751831054688,El Paso County,08041,08
-83.9215087890625,35.963008880615234,Knox County,47093,47
-112.04924774169922,33.42911148071289,Maricopa County,04013,04
-76.65775299072266,39.19963455200195,Anne Arundel County,24003,24
-95.36478424072266,29.76155662536621,Harris County,48201,48
-75.05130004882812,40.17910003662109,Bucks County,42017,42
-75.92252349853516,40.31607818603516,Berks County,42011,42
-78.83521270751953,42.89707946777344,Erie County,36029,36
-97.7437973022461,30.28260040283203,Travis County,48453,48
-106.3748016357422,39.64020156860352,Eagle County,08037,08
-101.28826904296876,48.25568771362305,Ward County,38101,38
-95.67639923095705,39.047122955322266,Shawnee County,20177,20
-97.96902465820312,29.57529830932617,Guadalupe County,48187,48
-75.15097045898438,39.95036697387695,Philadelphia County,42101,42
-96.78630065917967,46.8723258972168,Cass County,38017,38
-82.68852233886719,27.99190139770508,Pinellas County,12103,12
-95.3683853149414,29.748247146606445,Harris County,48201,48
-96.76676177978516,43.473289489746094,Lincoln County,46083,46
-88.82112884521484,33.47611618041992,Oktibbeha County,28105,28
-92.40923309326172,42.51307678222656,Black Hawk County,19013,19
-98.12539672851562,29.70070075988769,Comal County,48091,48
-97.70209503173828,30.27649307250977,Travis County,48453,48
-106.69442749023438,35.050750732421875,Bernalillo County,35001,35
-84.35002899169922,33.91326141357422,Fulton County,13121,13
-121.00010681152344,37.64114761352539,Stanislaus County,06099,06
-97.94672393798828,29.849863052368164,Hays County,48209,48
-111.99662017822266,33.44928359985352,Maricopa County,04013,04
-95.9103775024414,46.99143981933594,Becker County,27005,27
-75.1594009399414,39.9807014465332,Philadelphia County,42101,42
-82.04752349853516,26.938520431518555,Charlotte County,12015,12
-98.43820190429688,33.88629913330078,Wichita County,48485,48
-86.77098083496094,36.16671371459961,Davidson County,47037,47
-76.72954559326172,39.96339797973633,York County,42133,42
-88.10142517089844,42.97922897338867,Waukesha County,55133,55
-93.25878143310548,44.28622055053711,Rice County,27131,27
-77.55906677246094,37.65325164794922,Henrico County,51087,51
-94.41825103759766,35.397457122802734,Sebastian County,05131,05
-80.31246185302734,26.08911895751953,Broward County,12011,12
-85.75845336914062,38.25268173217773,Jefferson County,21111,21
-76.20896911621094,36.82974624633789,Virginia Beach city,51810,51
-111.96125030517578,48.993560791015625,Toole County,30101,30
-83.06816101074219,39.99259567260742,Franklin County,39049,39
-74.5805435180664,40.55935287475586,Somerset County,34035,34
-93.19307708740234,36.00637435913086,Newton County,05101,05
-74.18737030029297,40.74449920654297,Essex County,34013,34
-94.41967010498048,37.10055160522461,Jasper County,29097,29
-90.47819519042967,41.4810791015625,Rock Island County,17161,17
-118.61475372314452,34.48613739013672,Los Angeles County,06037,06
-112.11666107177734,33.64402389526367,Maricopa County,04013,04
-81.92713165283203,34.94216537475586,Spartanburg County,45083,45
-90.1459732055664,32.36285781860352,Hinds County,28049,28
-122.26817321777344,37.80409622192383,Alameda County,06001,06
-87.20777893066406,30.4816837310791,Escambia County,12033,12
-117.19293975830078,32.72833633422852,San Diego County,06073,06
-83.6761474609375,41.39918518066406,Wood County,39173,39
-93.2687759399414,44.9990234375,Hennepin County,27053,27
-121.0975341796875,38.665809631347656,Sacramento County,06067,06
-84.39746856689453,33.77057266235352,Fulton County,13121,13
-94.55143737792967,36.99715423583984,Newton County,29145,29
-81.16085815429688,32.08775329589844,Chatham County,13051,13
-78.93949127197266,40.31596374511719,Cambria County,42021,42
-83.69125366210938,32.9107666015625,Bibb County,13021,13
-73.9975357055664,40.72736358642578,New York County,36061,36
-88.28982543945312,42.33576583862305,McHenry County,17111,17
-97.15982055664062,27.88862419128418,San Patricio County,48409,48
-74.1248779296875,40.94671630859375,Bergen County,34003,34
-98.49943542480467,29.418710708618164,Bexar County,48029,48
-73.98999786376953,40.74354934692383,New York County,36061,36
-97.72930145263672,31.12318992614746,Bell County,48027,48
-84.35710144042969,33.72489929199219,Fulton County,13121,13
-73.93738555908203,40.83631896972656,New York County,36061,36
-79.11946105957031,37.4131965637207,Amherst County,51009,51
-86.59075164794922,34.72074890136719,Madison County,01089,01
-112.07421875,33.44776153564453,Maricopa County,04013,04
-77.45620727539062,37.63106918334961,Henrico County,51087,51
-87.11088562011719,37.7723388671875,Daviess County,21059,21
-80.15058898925781,39.47008514404297,Marion County,54049,54
-76.74710083007812,39.9926986694336,York County,42133,42
-105.11279296875,39.57176208496094,Jefferson County,08059,08
-76.8730697631836,40.80606842041016,Snyder County,42109,42
-77.47139739990234,38.98849868774414,Loudoun County,51107,51
-87.20360565185547,30.42415237426757,Escambia County,12033,12
-95.61799621582033,29.585399627685547,Fort Bend County,48157,48
-90.41451263427734,31.87153053283692,Copiah County,28029,28
-75.55995178222656,39.19832611083984,Kent County,10001,10
-87.79093933105469,41.68886184692383,Cook County,17031,17
-77.0138931274414,38.90418243408203,District of Columbia,11001,11
-76.17122650146484,39.51626586914063,Harford County,24025,24
-87.76823425292969,41.75527572631836,Cook County,17031,17
-90.35346221923828,38.601409912109375,St. Louis County,29189,29
-88.78679656982422,33.4546012878418,Oktibbeha County,28105,28
-114.4783935546875,48.48243713378906,Flathead County,30029,30
-83.49278259277344,42.29587936401367,Wayne County,26163,26
-73.98262023925781,40.65620040893555,Kings County,36047,36
-117.27474975585938,32.842193603515625,San Diego County,06073,06
-90.18209838867188,32.2990608215332,Hinds County,28049,28
-97.77491760253906,30.34333610534668,Travis County,48453,48
-82.82736206054688,27.976924896240234,Pinellas County,12103,12
-98.12870025634766,29.689529418945312,Comal County,48091,48
-71.82667541503906,42.25038528442383,Worcester County,25027,25
-80.0157699584961,32.90961837768555,Berkeley County,45015,45
-92.02991485595705,35.50447463989258,Cleburne County,05023,05
-98.0946273803711,29.70745086669922,Comal County,48091,48
-83.05819702148438,42.33420181274414,Wayne County,26163,26
-112.04236602783205,33.45516586303711,Maricopa County,04013,04
-74.01026916503906,40.707298278808594,New York County,36061,36
-97.61376953125,38.84417343139648,Saline County,20169,20
-80.30231475830078,26.00638961791992,Broward County,12011,12
-92.64563751220705,41.293212890625,Mahaska County,19123,19
-85.27051544189453,42.63595962524414,Barry County,26015,26
-80.06612396240234,32.97549819946289,Charleston County,45019,45
-80.24433135986328,25.93247985839844,Miami-Dade County,12086,12
-94.1050033569336,30.076400756835938,Jefferson County,48245,48
-72.26305389404297,40.94465255737305,Suffolk County,36103,36
-88.11969757080078,43.22019958496094,Washington County,55131,55
-97.44491577148438,35.412696838378906,Oklahoma County,40109,40
-79.92340087890625,40.49465560913086,Allegheny County,42003,42
-85.62816619873047,38.243072509765625,Jefferson County,21111,21
-117.78155517578124,33.54098129272461,Orange County,06059,06
-88.07154083251953,41.9821891784668,DuPage County,17043,17
-76.64338684082031,40.2817268371582,Dauphin County,42043,42
-95.70604705810548,39.01411056518555,Shawnee County,20177,20
-112.1864776611328,33.56769943237305,Maricopa County,04013,04
-93.12464141845705,36.25688171386719,Boone County,05009,05
-104.84978485107422,38.79957580566406,El Paso County,08041,08
-91.59749603271484,42.03211212158203,Linn County,19113,19
-87.64300537109375,41.88374710083008,Cook County,17031,17
-76.30301666259766,40.04513549804688,Lancaster County,42071,42
-117.08270263671876,33.605098724365234,Riverside County,06065,06
-118.25137329101562,34.042449951171875,Los Angeles County,06037,06
-80.25707244873047,26.066970825195312,Broward County,12011,12
-120.56987762451172,35.12540435791016,San Luis Obispo County,06079,06
-83.84752655029297,35.90753936767578,Knox County,47093,47
-95.41374969482422,29.84310340881348,Harris County,48201,48
-94.54315948486328,39.09832000732422,Jackson County,29095,29
-80.2511978149414,26.072399139404297,Broward County,12011,12
-96.57937622070312,33.61763000488281,Grayson County,48181,48
-112.2287826538086,33.650630950927734,Maricopa County,04013,04
-98.1918716430664,26.134716033935547,Hidalgo County,48215,48
-98.07087707519533,29.721216201782227,Comal County,48091,48
-92.39893341064452,35.34033966064453,Faulkner County,05045,05
-76.31150817871094,40.04710006713867,Lancaster County,42071,42
-91.11092376708984,30.402177810668945,East Baton Rouge Parish,22033,22
-111.64929962158205,40.24509811401367,Utah County,49049,49
-83.04541015625,42.331199645996094,Wayne County,26163,26
-97.72218322753906,30.267236709594727,Travis County,48453,48
-84.13680267333984,35.92135238647461,Knox County,47093,47
-71.61660766601562,42.15945816040039,Worcester County,25027,25
-124.19528198242188,41.76483917236328,Del Norte County,06015,06
-85.61489868164062,42.28188705444336,Kalamazoo County,26077,26
-86.74566650390625,36.21490478515625,Davidson County,47037,47
-80.20361328125,26.105091094970703,Broward County,12011,12
-106.61119842529295,35.07419967651367,Bernalillo County,35001,35
-83.83124542236328,34.120933532714844,Hall County,13139,13
-85.750732421875,38.1933708190918,Jefferson County,21111,21
-112.17887115478516,33.41200637817383,Maricopa County,04013,04
-89.73395538330078,37.501949310302734,Cape Girardeau County,29031,29
-93.0511245727539,41.703067779541016,Jasper County,19099,19
-93.5779037475586,45.30595016479492,Sherburne County,27141,27
-120.14359283447266,39.16656875610352,Placer County,06061,06
-71.975341796875,41.35820770263672,Southeastern Connecticut Planning Region,09180,09
-75.27851104736328,40.78013229370117,Northampton County,42095,42
-96.39454650878906,42.50019073486328,Woodbury County,19193,19
-122.2055435180664,47.76247024536133,King County,53033,53
-104.73660278320312,39.78990173339844,Denver County,08031,08
-94.59376525878906,38.92058563232422,Jackson County,29095,29
-85.82324981689453,38.283164978027344,Floyd County,18043,18
-80.23145294189453,36.05510330200195,Forsyth County,37067,37
-76.2880859375,40.07556915283203,Lancaster County,42071,42
-95.35797882080078,29.78373336791992,Harris County,48201,48
-102.37068939208984,31.84732437133789,Ector County,48135,48
-92.45472717285156,35.20829391479492,Faulkner County,05045,05
-92.0773468017578,30.19831275939941,Lafayette Parish,22055,22
-98.11788177490234,29.723108291625977,Comal County,48091,48
-97.09371185302734,32.934627532958984,Tarrant County,48439,48
-118.2582015991211,33.90439987182617,Los Angeles County,06037,06
-116.33356475830078,43.71780776977539,Ada County,16001,16
-83.04454040527344,42.477935791015625,Macomb County,26099,26
-79.29873657226562,40.33326721191406,Westmoreland County,42129,42
-84.4334945678711,31.754270553588867,Terrell County,13273,13
-121.49327850341795,38.58248519897461,Sacramento County,06067,06
-82.29887390136719,28.13179016113281,Hillsborough County,12057,12
-89.99485778808594,29.91014289855957,Orleans Parish,22071,22
-91.5561981201172,45.209598541259766,Barron County,55005,55
-86.50019836425781,39.172000885009766,Monroe County,18105,18
-78.70240783691406,35.81806564331055,Wake County,37183,37
-93.29199981689452,37.20849990844727,Greene County,29077,29
-76.00135040283203,40.561771392822266,Berks County,42011,42
-94.52674102783205,39.10385513305664,Jackson County,29095,29
-74.19270324707031,40.9473762512207,Passaic County,34031,34
-73.98408508300781,40.72689056396485,New York County,36061,36
-121.74727630615234,38.53443145751953,Yolo County,06113,06
-116.9655990600586,32.794700622558594,San Diego County,06073,06
-86.90599822998047,40.03810119628906,Montgomery County,18107,18
-83.9703598022461,40.95451354980469,Putnam County,39137,39
-93.4029541015625,45.1260986328125,Hennepin County,27053,27
-80.82926940917969,35.21786117553711,Mecklenburg County,37119,37
-111.71766662597656,40.277191162109375,Utah County,49049,49
-82.20575714111328,39.22541809082031,Athens County,39009,39
-83.76339721679688,39.99440002441406,Clark County,39023,39
-122.2660903930664,37.79872512817383,Alameda County,06001,06
-111.88136291503906,40.53432846069336,Salt Lake County,49035,49
-82.35094451904297,29.636699676513672,,,
-75.52037811279297,39.15837860107422,Kent County,10001,10
-88.2003402709961,41.61454772949219,Will County,17197,17
-75.59208679199219,40.591087341308594,Lehigh County,42077,42
-118.48706817626952,34.00516128540039,Los Angeles County,06037,06
-121.88220977783205,37.33565902709961,Santa Clara County,06085,06
-82.38159942626953,27.997499465942383,Hillsborough County,12057,12
-71.32662963867188,42.654781341552734,Middlesex County,25017,25
-122.3243179321289,47.57218170166016,King County,53033,53
-87.07423400878906,37.78364944458008,Daviess County,21059,21
-80.85130310058594,35.23809814453125,Mecklenburg County,37119,37
-98.90343475341795,48.10995101928711,,,
-100.79650115966795,46.84280014038086,,,
-92.07523345947266,32.52579879760742,Ouachita Parish,22073,22
-117.19719696044922,32.7275276184082,San Diego County,06073,06
-121.79602813720705,36.65437316894531,Monterey County,06053,06
-94.42848205566406,35.3873176574707,Sebastian County,05131,05
-83.7405014038086,42.28148651123047,Washtenaw County,26161,26
-115.1709976196289,36.12643051147461,Clark County,32003,32
-74.45238494873047,40.50493621826172,Middlesex County,34023,34
-82.46279907226562,27.95993995666504,Hillsborough County,12057,12
-85.31800842285156,35.047489166259766,Hamilton County,47065,47
-106.56280517578124,35.12979888916016,Bernalillo County,35001,35
-117.08443450927734,32.82914733886719,San Diego County,06073,06
-71.11180114746094,42.05860137939453,,,
-76.46586608886719,39.371681213378906,Baltimore County,24005,24
-73.99994659423828,40.72603988647461,New York County,36061,36
-75.22514343261719,40.02603149414063,Philadelphia County,42101,42
-94.60919952392578,43.97863006591797,,,
-91.75161743164062,45.49240493774414,Barron County,55005,55
-83.59719848632812,41.62630081176758,Lucas County,39095,39
-82.56462860107422,36.51292037963867,Sullivan County,47163,47
-104.98200225830078,39.728759765625,Denver County,08031,08
-117.10124969482422,32.67569351196289,San Diego County,06073,06
-82.48700714111328,27.88394927978516,Hillsborough County,12057,12
-89.59060668945312,40.69318389892578,Peoria County,17143,17
-75.6644515991211,41.40686798095703,Lackawanna County,42069,42
-73.20841979980469,44.48683166503906,,,
-76.28816223144531,40.07356643676758,Lancaster County,42071,42
-111.97286987304688,33.46442794799805,Maricopa County,04013,04
-95.71057891845705,39.03676223754883,Shawnee County,20177,20
-111.62088775634766,35.21965026855469,Coconino County,04005,04
-81.69746398925781,26.090877532958984,Collier County,12021,12
-75.22998809814453,39.95169448852539,Philadelphia County,42101,42
-94.581298828125,39.045501708984375,Jackson County,29095,29
-86.84269714355469,36.140018463134766,Davidson County,47037,47
-86.56929779052734,35.1531982421875,Lincoln County,47103,47
-89.0531005859375,42.55720138549805,Rock County,55105,55
-104.93840026855467,39.82024383544922,Adams County,08001,08
-75.31559753417969,40.32529830932617,Bucks County,42017,42
-93.6356430053711,41.60367965698242,Polk County,19153,19
-72.0050048828125,41.40956878662109,Southeastern Connecticut Planning Region,09180,09
-75.2195816040039,40.00874328613281,Montgomery County,42091,42
-120.00650024414062,37.82799911499024,Tuolumne County,06109,06
-87.68280029296875,34.83219909667969,Lauderdale County,01077,01
-71.03690338134766,42.07640075683594,Plymouth County,25023,25
-92.54801177978516,44.56103897094727,Goodhue County,27049,27
-74.04985809326172,40.94269561767578,Bergen County,34003,34
-75.93679809570312,40.31935119628906,Berks County,42011,42
-76.95774841308594,39.554664611816406,Carroll County,24013,24
-122.4424285888672,37.7544174194336,San Francisco County,06075,06
-79.32850646972656,33.60898208618164,Georgetown County,45043,45
-80.0616683959961,40.61408996582031,Allegheny County,42003,42
-84.54981994628906,42.65987396240234,Ingham County,26065,26
-122.26130676269533,38.12342834472656,Solano County,06095,06
-77.85884857177734,40.80735778808594,Centre County,42027,42
-85.66239929199219,42.95800018310547,Kent County,26081,26
-82.7442626953125,27.915754318237305,Pinellas County,12103,12
-74.17423248291016,40.74137878417969,Essex County,34013,34
-81.37701416015625,28.540706634521484,Orange County,12095,12
-92.45407104492188,42.516151428222656,Black Hawk County,19013,19
-78.43635559082031,36.07064056396485,Franklin County,37069,37
-81.40267181396484,26.420398712158203,Collier County,12021,12
-85.668701171875,31.447599411010746,Dale County,01045,01
-110.98297882080078,32.16632080078125,Pima County,04019,04
-86.0875015258789,42.81533432006836,Ottawa County,26139,26
-83.97954559326172,34.09714889526367,Gwinnett County,13135,13
-76.58554077148438,39.33984375,Baltimore city,24510,24
-96.37057495117188,30.673891067504883,Brazos County,48041,48
-93.18595886230467,45.12290573120117,Ramsey County,27123,27
-78.96542358398438,35.069759368896484,Cumberland County,37051,37
-84.19879913330078,33.66109848022461,DeKalb County,13089,13
-83.89671325683594,36.09223175048828,Knox County,47093,47
-80.17276000976562,42.06110382080078,Erie County,42049,42
-88.10204315185547,41.86660003662109,DuPage County,17043,17
-96.81079864501952,46.81909942626953,Cass County,38017,38
-97.5027847290039,35.50967025756836,Oklahoma County,40109,40
-90.26103973388672,38.63276672363281,St. Louis city,29510,29
-71.45953369140625,42.99109649658203,Hillsborough County,33011,33
-75.35562133789062,39.86354064941406,Delaware County,42045,42
-80.24333190917969,25.8487606048584,Miami-Dade County,12086,12
-79.22296142578125,37.35547256469727,Lynchburg city,51680,51
-91.67160034179688,42.74919891357422,,,
-77.63703155517578,39.944183349609375,Franklin County,42055,42
-92.1552963256836,46.757755279541016,St. Louis County,27137,27
-121.75980377197266,38.532501220703125,Yolo County,06113,06
-118.23979949951172,34.056400299072266,Los Angeles County,06037,06
-83.2606201171875,42.339969635009766,Wayne County,26163,26
-104.82195281982422,38.833438873291016,El Paso County,08041,08
-78.97373962402344,35.0590934753418,,,
-82.43244934082031,28.07320022583008,Hillsborough County,12057,12
-95.13585662841795,29.699546813964844,Harris County,48201,48
-96.70882415771484,32.71255111694336,Dallas County,48113,48
-76.72853088378906,39.96039962768555,York County,42133,42
-121.5044174194336,38.582984924316406,Sacramento County,06067,06
-78.997314453125,35.04347229003906,Cumberland County,37051,37
-96.36861419677734,42.51031112670898,Woodbury County,19193,19
-88.00981140136719,41.79922866821289,DuPage County,17043,17
-82.3397216796875,29.67431640625,Alachua County,12001,12
-83.00328826904297,39.96709060668945,Franklin County,39049,39
-117.13469696044922,32.77250289916992,San Diego County,06073,06
-118.24321746826172,34.05398941040039,Los Angeles County,06037,06
-96.40553283691406,42.51942825317383,Woodbury County,19193,19
-92.2843017578125,34.74483108520508,Pulaski County,05119,05
-117.37385559082033,33.98324966430664,Riverside County,06065,06
-117.16259765625,32.71635055541992,San Diego County,06073,06
-120.66657257080078,35.253360748291016,San Luis Obispo County,06079,06
-75.14935302734375,38.757843017578125,Sussex County,10005,10
-96.70641326904295,32.66838455200195,Dallas County,48113,48
-75.8813247680664,41.25939178466797,Luzerne County,42079,42
-83.6522216796875,41.03953552246094,Hancock County,39063,39
-118.1508331298828,34.131324768066406,Los Angeles County,06037,06
-118.081298828125,34.55839920043945,Los Angeles County,06037,06
-95.3656005859375,29.755699157714844,Harris County,48201,48
-87.64185333251953,41.80755233764648,Cook County,17031,17
-74.01239776611328,40.712398529052734,New York County,36061,36
-80.54077911376953,25.48559761047364,Miami-Dade County,12086,12
-96.83612060546876,46.889530181884766,Cass County,38017,38
-82.39976501464844,34.84852981567383,Greenville County,45045,45
-95.68630981445312,39.060691833496094,Shawnee County,20177,20
-81.86705780029297,26.63783264160156,Lee County,12071,12
-123.97635650634766,41.846561431884766,Del Norte County,06015,06
-87.62376403808594,41.79834365844727,Cook County,17031,17
-117.16154479980467,32.7255973815918,San Diego County,06073,06
-87.24088287353516,30.42096519470215,Escambia County,12033,12
-90.222900390625,38.68280029296875,St. Louis city,29510,29
-92.5836181640625,40.196170806884766,Adair County,29001,29
-98.14852905273438,29.67754554748535,Comal County,48091,48
-75.38404846191406,40.57984924316406,Northampton County,42095,42
-122.43838500976562,48.4677848815918,Skagit County,53057,53
-79.94744110107422,40.43915939331055,Allegheny County,42003,42
-81.02748107910156,33.98761367797852,Richland County,45079,45
-97.43986511230467,27.796266555786133,Nueces County,48355,48
-84.7351303100586,39.19795227050781,Hamilton County,39061,39
-87.6234130859375,41.90044021606445,Cook County,17031,17
-87.91213989257812,43.03833770751953,Milwaukee County,55079,55
-72.65380096435547,41.75699996948242,Capitol Planning Region,09110,09
-97.07610321044922,47.91949844360352,Grand Forks County,38035,38
-82.44953155517578,27.97989082336425,Hillsborough County,12057,12
-122.65262603759766,45.51827621459961,Multnomah County,41051,41
-71.97274017333984,41.33831024169922,Southeastern Connecticut Planning Region,09180,09
-83.23009490966797,42.40574645996094,Wayne County,26163,26
-79.95169830322266,40.58359909057617,Allegheny County,42003,42
-71.376708984375,41.8768196105957,Providence County,44007,44
-117.206298828125,32.860599517822266,San Diego County,06073,06
-117.32225799560548,34.18192672729492,San Bernardino County,06071,06
-118.14530181884766,33.782684326171875,Los Angeles County,06037,06
-110.88469696044922,32.24909973144531,Pima County,04019,04
-97.71471405029295,30.262487411499023,Travis County,48453,48
-86.3019027709961,32.38029861450195,Montgomery County,01101,01
-87.11955261230469,37.77401351928711,Daviess County,21059,21
-87.21121215820312,30.43066024780273,Escambia County,12033,12
-121.53964233398438,39.12653732299805,Yuba County,06115,06
-80.19696044921875,25.780067443847656,Miami-Dade County,12086,12
-122.8435287475586,38.415130615234375,Sonoma County,06097,06
-81.03218841552734,34.00972366333008,Richland County,45079,45
-122.75719451904295,45.48440933227539,Washington County,41067,41
-111.92242431640624,33.695106506347656,Maricopa County,04013,04
-72.10491943359375,41.37417984008789,Southeastern Connecticut Planning Region,09180,09
-81.72526550292969,41.48171615600586,Cuyahoga County,39035,39
-92.22626495361328,34.754337310791016,Pulaski County,05119,05
-106.3585433959961,42.81365966796875,Natrona County,56025,56
-80.21601104736328,40.1925048828125,Washington County,42125,42
-81.02841186523438,34.003150939941406,Richland County,45079,45
-118.35198211669922,34.04410552978516,Los Angeles County,06037,06
-84.48808288574219,43.61228561401367,Midland County,26111,26
-93.78775787353516,45.0377082824707,Wright County,27171,27
-117.1604461669922,32.71434020996094,San Diego County,06073,06
-94.27263641357422,39.040157318115234,Jackson County,29095,29
-93.23402404785156,45.005104064941406,Hennepin County,27053,27
-75.16735076904297,39.96131896972656,Philadelphia County,42101,42
-78.7240219116211,35.75237274169922,Wake County,37183,37
-80.3563232421875,40.08035659790039,Washington County,42125,42
-95.37705993652344,29.7395076751709,Harris County,48201,48
-78.19230651855469,38.92325592041016,Warren County,51187,51
-93.18193817138672,44.4592399597168,Rice County,27131,27
-96.21118927001952,43.66831207275391,Rock County,27133,27
-87.62124633789062,41.7841682434082,Cook County,17031,17
-119.32866668701172,36.34832000732422,Tulare County,06107,06
-87.13939666748047,37.763919830322266,Daviess County,21059,21
-75.87359619140625,41.2467155456543,Luzerne County,42079,42
-93.84571838378906,33.94780731201172,Howard County,05061,05
-71.1214370727539,42.35274887084961,Suffolk County,25025,25
-80.21406555175781,25.7626953125,Miami-Dade County,12086,12
-122.40543365478516,37.79238510131836,San Francisco County,06075,06
-70.28472900390625,41.64795684814453,Barnstable County,25001,25
-80.00398254394531,39.65190124511719,Monongalia County,54061,54
-92.6897964477539,39.14376449584961,Howard County,29089,29
-117.97440338134766,33.667999267578125,Orange County,06059,06
-122.33023071289062,47.60202026367188,King County,53033,53
-156.66763305664062,20.98508071899414,Maui County,15009,15
-81.96790313720703,33.47751998901367,Richmond County,13245,13
-109.23712921142578,41.590965270996094,Sweetwater County,56037,56
-80.05581665039062,26.707569122314453,Palm Beach County,12099,12
-82.32341766357422,29.66047477722168,Alachua County,12001,12
-88.39366912841797,44.31784057617188,Outagamie County,55087,55
-90.17938995361328,32.31669616699219,Hinds County,28049,28
-118.32868957519533,34.0416145324707,Los Angeles County,06037,06
-104.74665832519533,38.76713180541992,El Paso County,08041,08
-72.68170166015625,41.75369644165039,Capitol Planning Region,09110,09
-79.99535369873047,40.44240951538086,Allegheny County,42003,42
-81.84320068359375,34.985198974609375,Spartanburg County,45083,45
-78.87928771972656,42.88655471801758,Erie County,36029,36
-112.17975616455078,33.659385681152344,Maricopa County,04013,04
-95.94940185546876,41.25504684448242,Douglas County,31055,31
-122.72100067138672,45.57429885864258,Multnomah County,41051,41
-122.62259674072266,45.40290069580078,Clackamas County,41005,41
-83.49520874023438,42.30894088745117,Wayne County,26163,26
-93.19090270996094,36.00482177734375,Newton County,05101,05
-90.15419006347656,32.36275100708008,Hinds County,28049,28
-82.45741271972656,27.94911193847656,Hillsborough County,12057,12
-94.17253112792967,35.351356506347656,Sebastian County,05131,05
-111.73587799072266,33.61489486694336,Maricopa County,04013,04
-85.75672149658203,38.25640106201172,Jefferson County,21111,21
-92.33042907714844,34.687461853027344,Pulaski County,05119,05
-87.3464126586914,38.00075912475586,Warrick County,18173,18
-121.29550170898438,38.759674072265625,Placer County,06061,06
-84.17385864257812,42.98189926147461,Shiawassee County,26155,26
-112.47048950195312,34.5401725769043,Yavapai County,04025,04
-80.051513671875,26.725372314453125,Palm Beach County,12099,12
-118.25495147705078,34.050331115722656,Los Angeles County,06037,06
-104.69528198242188,40.42647933959961,Weld County,08123,08
-90.98358917236328,30.10416030883789,Ascension Parish,22005,22
-122.40802001953124,37.79264831542969,San Francisco County,06075,06
-95.82330322265624,29.788129806518555,Harris County,48201,48
-118.20909118652344,33.9056510925293,Los Angeles County,06037,06
-85.71318054199219,38.2337760925293,Jefferson County,21111,21
-76.35165405273438,40.04703140258789,Lancaster County,42071,42
-76.22662353515625,40.02787780761719,Lancaster County,42071,42
-121.49162292480467,38.582611083984375,Sacramento County,06067,06
-89.58865356445312,40.70480728149414,Peoria County,17143,17
-94.83565521240234,38.884742736816406,Johnson County,20091,20
-70.28909301757812,41.6838493347168,Barnstable County,25001,25
-98.54485321044922,33.880977630615234,Wichita County,48485,48
-122.40373229980467,37.7944564819336,San Francisco County,06075,06
-120.98147583007812,38.55844497680664,El Dorado County,06017,06
-93.66410064697266,45.27159881591797,Wright County,27171,27
-87.74174499511719,41.788455963134766,Cook County,17031,17
-81.070556640625,38.07716751098633,Fayette County,54019,54
-121.97889709472656,37.42179870605469,Santa Clara County,06085,06
-83.04459381103516,42.32926940917969,Wayne County,26163,26
-91.13465118408205,30.42931365966797,East Baton Rouge Parish,22033,22
-122.58307647705078,45.5666618347168,Multnomah County,41051,41
-79.11589813232422,37.46224594116211,Amherst County,51009,51
-117.3186264038086,34.181209564208984,San Bernardino County,06071,06
-77.08747863769531,38.96355438232422,Montgomery County,24031,24
-75.7564926147461,39.67886734008789,New Castle County,10003,10
-76.8796615600586,38.990501403808594,Prince George's County,24033,24
-87.6939697265625,41.813358306884766,Cook County,17031,17
-105.2113037109375,40.013919830322266,Boulder County,08013,08
-78.96170043945312,35.966705322265625,Durham County,37063,37
-83.53315734863281,41.69118118286133,Lucas County,39095,39
-77.87590026855469,40.38999938964844,Huntingdon County,42061,42
-81.24125671386719,32.155548095703125,Chatham County,13051,13
-74.01411437988281,40.90686798095703,Bergen County,34003,34
-87.57669067382812,33.18147277832031,Tuscaloosa County,01125,01
-95.34769439697266,29.7243881225586,Harris County,48201,48
-122.55049896240234,45.55550003051758,Multnomah County,41051,41
-121.906005859375,37.424591064453125,Santa Clara County,06085,06
-112.12911224365234,33.78699493408203,Maricopa County,04013,04
-111.8214111328125,33.582916259765625,Maricopa County,04013,04
-87.66480255126953,41.81060028076172,Cook County,17031,17
-81.96155548095703,33.47208404541016,Richmond County,13245,13
-97.2042007446289,27.872100830078125,San Patricio County,48409,48
-110.95951080322266,32.214412689208984,Pima County,04019,04
-87.6061019897461,41.77790069580078,Cook County,17031,17
-81.69338989257812,41.50478744506836,Cuyahoga County,39035,39
-85.68345642089844,42.972389221191406,Kent County,26081,26
-121.0753402709961,38.6678581237793,El Dorado County,06017,06
-83.65350341796875,41.29762649536133,Wood County,39173,39
-120.32460021972656,37.962100982666016,Tuolumne County,06109,06
-71.50869750976562,42.78375625610352,Hillsborough County,33011,33
-76.49024200439453,42.42319107055664,Tompkins County,36109,36
-94.16609954833984,30.06781005859375,Jefferson County,48245,48
-87.62982940673828,41.80146789550781,Cook County,17031,17
-72.6053237915039,41.75240707397461,Capitol Planning Region,09110,09
-118.37435150146484,34.0890007019043,Los Angeles County,06037,06
-97.3010711669922,32.88722229003906,Tarrant County,48439,48
-97.4218978881836,27.775144577026367,Nueces County,48355,48
-96.39270782470705,42.53258895874024,Woodbury County,19193,19
-105.3000946044922,36.409629821777344,Colfax County,35007,35
-115.14837646484376,36.16748046875,Clark County,32003,32
-83.2623291015625,42.822452545166016,Oakland County,26125,26
-83.00190734863281,39.96031951904297,Franklin County,39049,39
-116.9710922241211,32.78614807128906,San Diego County,06073,06
-83.49405670166016,36.11684036254883,Jefferson County,47089,47
-90.08958435058594,32.27018737792969,Rankin County,28121,28
-101.29859924316406,48.053001403808594,Ward County,38101,38
-78.95003509521484,35.0789680480957,Cumberland County,37051,37
-84.50665283203125,38.029258728027344,Fayette County,21067,21
-86.65629577636719,36.052955627441406,Davidson County,47037,47
-75.16361236572266,39.95238876342773,Philadelphia County,42101,42
-121.9442367553711,37.30847930908203,Santa Clara County,06085,06
-109.55237579345705,38.5704460144043,Grand County,49019,49
-92.6267318725586,44.85602569580078,Pierce County,55093,55
-110.98167419433594,32.21745300292969,Pima County,04019,04
-82.56853485107422,27.322099685668945,Sarasota County,12115,12
-84.34629821777344,34.044944763183594,Fulton County,13121,13
-94.146728515625,36.33760833740234,Benton County,05007,05
-75.30686950683594,40.29962921142578,Montgomery County,42091,42
-98.48638153076172,29.43726921081543,Bexar County,48029,48
-80.00534057617188,40.426902770996094,Allegheny County,42003,42
-85.91553497314453,43.46828842163086,Newaygo County,26123,26
-81.89905548095703,31.599733352661133,Wayne County,13305,13
-73.99827575683594,40.73023223876953,New York County,36061,36
-90.11681365966795,29.94341087341309,Orleans Parish,22071,22
-118.32599639892578,33.3489990234375,Los Angeles County,06037,06
-106.56483459472656,35.131710052490234,Bernalillo County,35001,35
-86.80931854248047,33.51451110839844,Jefferson County,01073,01
-97.50390625,35.45130157470703,Oklahoma County,40109,40
-79.99696350097656,40.44996643066406,Allegheny County,42003,42
-74.41862487792969,39.360389709472656,Atlantic County,34001,34
-74.01336669921875,40.70638656616211,New York County,36061,36
-83.83472442626953,42.57365798950195,Livingston County,26093,26
-96.59967041015624,39.19238662719727,Riley County,20161,20
-117.20838165283205,32.75353240966797,San Diego County,06073,06
-94.93927764892578,30.73098945617676,Polk County,48373,48
-94.41462707519533,35.38134002685547,Sebastian County,05131,05
-84.24117279052734,36.02598190307617,Anderson County,47001,47
-90.40487670898438,38.3509521484375,Jefferson County,29099,29
-74.19791412353516,40.74234390258789,Essex County,34013,34
-83.36699676513672,40.247100830078125,Union County,39159,39
-74.41459655761719,39.36740112304688,Atlantic County,34001,34
-81.87103271484375,26.643129348754883,Lee County,12071,12
-94.38853454589844,45.95895385742188,Morrison County,27097,27
-84.91280364990234,39.82460021972656,Wayne County,18177,18
-74.16854858398438,40.73905944824219,Essex County,34013,34
-70.90618133544922,42.41857147216797,Essex County,25009,25
-90.05992126464844,35.13066101074219,Shelby County,47157,47
-98.47331237792967,29.4514389038086,Bexar County,48029,48
-81.68232727050781,41.50264358520508,Cuyahoga County,39035,39
-112.07438659667967,33.46769332885742,Maricopa County,04013,04
-75.54593658447266,39.74895858764648,New Castle County,10003,10
-95.3637924194336,29.75885963439941,Harris County,48201,48
-71.32353973388672,42.124019622802734,Norfolk County,25021,25
-87.54412841796875,41.72638320922852,Cook County,17031,17
-104.85565185546876,39.73717880249024,Arapahoe County,08005,08
-95.88227081298828,36.0747184753418,Tulsa County,40143,40
-84.50700378417969,38.02930068969727,Fayette County,21067,21
-81.1148681640625,32.08544921875,Chatham County,13051,13
-84.39554595947266,33.785648345947266,Fulton County,13121,13
-81.11409759521484,33.95737075805664,Lexington County,45063,45
-122.15843200683594,37.42745971679688,Santa Clara County,06085,06
-81.60091400146484,28.31629753112793,Osceola County,12097,12
-71.82990264892578,42.293399810791016,Worcester County,25027,25
-90.48161315917967,42.72528839111328,Grant County,55043,55
-95.4249038696289,29.65953063964844,Harris County,48201,48
-97.7358169555664,28.42407989501953,Bee County,48025,48
-73.99596405029297,40.735984802246094,New York County,36061,36
-75.56900787353516,40.568843841552734,Lehigh County,42077,42
-89.47212982177734,43.07858657836914,Dane County,55025,55
-94.4461898803711,36.33440017700195,Benton County,05007,05
-88.25410461425781,30.772836685180664,Mobile County,01097,01
-70.96186065673828,42.01359176635742,Plymouth County,25023,25
-88.14690399169922,30.67522430419922,Mobile County,01097,01
-110.9271240234375,32.16135025024414,Pima County,04019,04
-117.21974182128906,32.877201080322266,San Diego County,06073,06
-75.61325073242188,40.75215911865234,Lehigh County,42077,42
-82.2568130493164,27.84830093383789,Hillsborough County,12057,12
-94.1596908569336,36.34134292602539,Benton County,05007,05
-96.87776184082033,32.65959167480469,Dallas County,48113,48
-96.82211303710938,46.91886901855469,Cass County,38017,38
-93.05419921875,41.70197296142578,Jasper County,19099,19
-104.98719787597656,40.38595962524414,Larimer County,08069,08
-80.14289855957031,26.058799743652344,Broward County,12011,12
-83.70020294189453,41.574501037597656,Lucas County,39095,39
-122.26699829101562,38.09560012817383,Solano County,06095,06
-94.58995056152344,39.10173034667969,Jackson County,29095,29
-85.74600982666016,38.25564193725586,Jefferson County,21111,21
-74.16559600830078,40.9025993347168,Passaic County,34031,34
-93.98871612548828,32.86386489868164,Caddo Parish,22017,22
-79.01366424560547,35.03486251831055,Cumberland County,37051,37
-118.33318328857422,34.09343338012695,Los Angeles County,06037,06
-71.06566619873047,42.36212158203125,Suffolk County,25025,25
-83.91864013671875,39.02687072753906,Brown County,39015,39
-89.72618103027344,43.27345657348633,Sauk County,55111,55
-76.0647964477539,40.10319900512695,Lancaster County,42071,42
-83.92182922363281,33.24483108520508,Butts County,13035,13
-112.56481170654295,46.00935363769531,Silver Bow County,30093,30
-70.15013885498047,41.69276809692383,Barnstable County,25001,25
-75.14360809326172,39.95137405395508,Philadelphia County,42101,42
-105.27935028076172,40.02347183227539,Boulder County,08013,08
-86.79329681396484,36.13470077514648,Davidson County,47037,47
-112.07830047607422,33.44729995727539,Maricopa County,04013,04
-82.32524871826172,29.649587631225582,Alachua County,12001,12
-85.14289855957031,31.891170501708984,Barbour County,01005,01
-122.63874816894533,41.73247909545898,Siskiyou County,06093,06
-82.76715850830078,27.920839309692383,Pinellas County,12103,12
-86.37493896484375,37.003299713134766,Warren County,21227,21
-123.0759506225586,44.04713821411133,Lane County,41039,41
-71.33544158935547,42.62126159667969,Middlesex County,25017,25
-106.56773376464844,35.13093948364258,Bernalillo County,35001,35
-119.03540802001952,34.162498474121094,Ventura County,06111,06
-79.17082977294922,37.365867614746094,Lynchburg city,51680,51
-86.68959045410156,36.21318054199219,Davidson County,47037,47
-81.66216278076172,30.32906913757324,Duval County,12031,12
-80.05785369873047,26.69805908203125,Palm Beach County,12099,12
-94.15933227539062,36.062255859375,Washington County,05143,05
-82.49018859863281,27.98342704772949,Hillsborough County,12057,12
-71.07222747802734,42.35538864135742,Suffolk County,25025,25
-86.67916107177734,36.17844009399414,Davidson County,47037,47
-75.38414764404297,40.66608810424805,Northampton County,42095,42
-81.37077331542969,28.46310043334961,Orange County,12095,12
-98.53175354003906,29.349878311157227,Bexar County,48029,48
-73.34269714355469,40.82469940185547,Suffolk County,36103,36
-75.31692504882812,40.34013748168945,Bucks County,42017,42
-96.55860137939452,39.1793212890625,Riley County,20161,20
-122.43965911865234,37.74336624145508,San Francisco County,06075,06
-82.71939849853516,34.89419937133789,Pickens County,45077,45
-93.44514465332033,35.46188735961914,Johnson County,05071,05
-118.26001739501952,34.044189453125,Los Angeles County,06037,06
-121.6261978149414,39.16193389892578,Sutter County,06101,06
-93.17293548583984,44.811065673828125,Dakota County,27037,27
-117.0540542602539,33.084327697753906,San Diego County,06073,06
-87.68608093261719,41.93516159057617,Cook County,17031,17
-90.85050201416016,44.29374694824219,Jackson County,55053,55
-117.18866729736328,32.724117279052734,San Diego County,06073,06
-82.92945861816406,40.12294387817383,Franklin County,39049,39
-85.80590057373047,38.29779815673828,Floyd County,18043,18
-79.79093170166016,40.49256134033203,Allegheny County,42003,42
-74.03070831298828,40.15743255615234,Monmouth County,34025,34
-122.32310485839844,47.604270935058594,King County,53033,53
-78.91130065917969,35.03889846801758,Cumberland County,37051,37
-74.16011047363281,40.91432571411133,Passaic County,34031,34
-121.88823699951172,37.3352165222168,Santa Clara County,06085,06
-85.9048080444336,39.20012283325195,Bartholomew County,18005,18
-111.97865295410156,33.297271728515625,Maricopa County,04013,04
-84.55538940429688,42.7373046875,Ingham County,26065,26
-92.34475708007812,42.51472091674805,Black Hawk County,19013,19
-71.0648422241211,42.42682647705078,Middlesex County,25017,25
-83.86172485351562,35.76334762573242,Blount County,47009,47
-118.28846740722656,34.0194206237793,Los Angeles County,06037,06
-84.96060943603516,32.499267578125,Muscogee County,13215,13
-74.24357604980469,40.96343612670898,Passaic County,34031,34
-81.80416870117188,26.31193351745605,Collier County,12021,12
-83.03785705566406,42.33245468139648,Wayne County,26163,26
-82.43950653076172,34.92580032348633,Greenville County,45045,45
-87.83035278320312,41.92169570922852,Cook County,17031,17
-110.9693603515625,32.16288757324219,Pima County,04019,04
-87.6423110961914,41.87886428833008,Cook County,17031,17
-118.45068359375,34.22935485839844,Los Angeles County,06037,06
-115.12267303466795,48.8219108581543,Lincoln County,30053,30
-84.55570220947266,42.74750900268555,Ingham County,26065,26
-80.25235748291016,26.00009536743164,Broward County,12011,12
-122.27120208740234,37.8134994506836,Alameda County,06001,06
-93.90904235839844,45.67045974731445,Benton County,27009,27
-118.25851440429688,34.049217224121094,Los Angeles County,06037,06
-76.83805847167969,39.54386901855469,Baltimore County,24005,24
-121.31419372558594,38.88580322265625,Placer County,06061,06
-84.51172637939453,39.11069488525391,Hamilton County,39061,39
-81.7807388305664,32.43648147583008,Bulloch County,13031,13
-118.18901824951172,33.76750183105469,Los Angeles County,06037,06
-89.35980224609375,38.08530044555664,Perry County,17145,17
-80.19664764404297,25.82356643676757,Miami-Dade County,12086,12
-78.87010192871094,40.28340148925781,Cambria County,42021,42
-117.17273712158205,32.7186279296875,San Diego County,06073,06
-115.16100311279295,36.09975051879883,Clark County,32003,32
-111.92384338378906,33.624290466308594,Maricopa County,04013,04
-85.3122787475586,35.05270004272461,Hamilton County,47065,47
-75.99417877197266,40.38835144042969,Berks County,42011,42
-112.02472686767578,33.29312896728516,Maricopa County,04013,04
-88.24761199951172,41.745880126953125,DuPage County,17043,17
-117.9167022705078,33.84874725341797,Orange County,06059,06
-112.07469177246094,33.392704010009766,Maricopa County,04013,04
-121.89452362060548,37.38383102416992,Santa Clara County,06085,06
-118.26023864746094,34.05039978027344,Los Angeles County,06037,06
-88.04828643798828,41.76774978637695,DuPage County,17043,17
-104.93050384521484,39.54866027832031,Douglas County,08035,08
-94.37673950195312,38.66458511352539,Cass County,29037,29
-77.87482452392578,40.76217651367188,Centre County,42027,42
-114.9014129638672,36.10543823242188,Clark County,32003,32
-83.78705596923828,33.790122985839844,Walton County,13297,13
-87.9793701171875,41.57785034179688,Will County,17197,17
-74.07389831542969,40.89784622192383,Bergen County,34003,34
-105.4543685913086,37.43027877807617,Costilla County,08023,08
-98.0625,29.7189998626709,Comal County,48091,48
-80.31320190429688,26.07570075988769,Broward County,12011,12
-97.94876098632812,29.879240036010746,Hays County,48209,48
-87.63404846191406,41.83074188232422,Cook County,17031,17
-114.1249008178711,36.80329895019531,Clark County,32003,32
-122.4145050048828,37.78252410888672,San Francisco County,06075,06
-93.18830108642578,36.00519943237305,Newton County,05101,05
-81.48422241210938,34.796661376953125,Union County,45087,45
-78.89083099365234,35.074562072753906,Cumberland County,37051,37
-73.1927490234375,40.8082389831543,Suffolk County,36103,36
-78.2334976196289,40.00056838989258,Bedford County,42009,42
-122.4043960571289,37.72999572753906,San Francisco County,06075,06
-92.17095947265624,38.57748031616211,Cole County,29051,29
-96.60248565673828,39.17032241821289,Riley County,20161,20
-83.65702056884766,41.3873291015625,Wood County,39173,39
-72.72283172607422,41.74297332763672,Capitol Planning Region,09110,09
-93.22120666503906,45.03742980957031,Ramsey County,27123,27
-121.06790161132812,38.62859725952149,El Dorado County,06017,06
-87.23629760742188,30.40074157714844,Escambia County,12033,12
-90.46904754638672,38.669132232666016,St. Louis County,29189,29
-117.06423950195312,32.58589172363281,San Diego County,06073,06
-122.01212310791016,37.26445770263672,Santa Clara County,06085,06
-82.40284729003906,34.85702133178711,Greenville County,45045,45
-79.82579803466797,40.27591323852539,Allegheny County,42003,42
-106.65670013427734,35.04719924926758,Bernalillo County,35001,35
-83.08439636230469,42.3676986694336,Wayne County,26163,26
-76.73900604248047,39.31144332885742,Baltimore County,24005,24
-117.31849670410156,34.18199920654297,San Bernardino County,06071,06
-78.90087127685547,35.99155044555664,Durham County,37063,37
-98.38639831542967,29.534900665283203,Bexar County,48029,48
-123.35417938232422,39.41248321533203,Mendocino County,06045,06
-90.32975769042967,47.7528076171875,Cook County,27031,27
-92.45541381835938,42.5135612487793,Black Hawk County,19013,19
-86.0439224243164,39.47808837890625,Johnson County,18081,18
-84.66427612304688,33.53052520751953,Fulton County,13121,13
-82.50570678710938,27.92000389099121,Hillsborough County,12057,12
-111.96537017822266,33.612159729003906,Maricopa County,04013,04
-77.48918914794922,38.91379928588867,Loudoun County,51107,51
-83.61773681640625,42.22407150268555,Washtenaw County,26161,26
-84.0107421875,35.754661560058594,Blount County,47009,47
-94.54119110107422,39.293701171875,Clay County,29047,29
-76.92849731445312,40.540000915527344,Dauphin County,42043,42
-106.69587707519533,35.01258087158203,Bernalillo County,35001,35
-81.38822937011719,30.178979873657227,St. Johns County,12109,12
-70.24147033691406,41.652488708496094,Barnstable County,25001,25
-87.65399932861328,41.92300033569336,Cook County,17031,17
-82.85227966308594,40.03593444824219,Franklin County,39049,39
-117.10492706298828,32.67232894897461,San Diego County,06073,06
-74.73605346679688,40.27924728393555,Mercer County,34021,34
-88.23721313476562,40.09247970581055,Champaign County,17019,17
-74.21766662597656,40.812156677246094,Essex County,34013,34
-97.29149627685548,37.71870040893555,Sedgwick County,20173,20
-88.01405334472656,38.52070999145508,Edwards County,17047,17
-85.67078399658203,42.96036911010742,Kent County,26081,26
-112.09919738769533,40.7056884765625,Salt Lake County,49035,49
-98.17030334472656,29.825300216674805,Comal County,48091,48
-74.68929290771484,40.362892150878906,Mercer County,34021,34
-87.08796691894531,37.73017120361328,Daviess County,21059,21
-87.39289093017578,46.54500579833984,Marquette County,26103,26
-112.0564956665039,33.31193161010742,Maricopa County,04013,04
-117.91480255126952,33.93149948120117,Orange County,06059,06
-121.847900390625,39.72594833374024,Butte County,06007,06
-115.0999984741211,36.17449951171875,Clark County,32003,32
-86.15345764160156,39.77706527709961,Marion County,18097,18
-117.60870361328124,34.06760025024414,San Bernardino County,06071,06
-94.39656066894533,35.37417984008789,Sebastian County,05131,05
-82.99138641357422,39.95305633544922,Franklin County,39049,39
-87.6676025390625,34.80293655395508,Lauderdale County,01077,01
-73.84770202636719,40.73989868164063,Queens County,36081,36
-83.64350128173828,32.62030029296875,Houston County,13153,13
-97.64041137695312,35.58501052856445,Oklahoma County,40109,40
-86.14739990234375,41.44850158691406,Marshall County,18099,18
-80.27720642089844,26.11992835998535,Broward County,12011,12
-83.0439453125,42.328609466552734,Wayne County,26163,26
-81.1370849609375,37.98504257202149,Fayette County,54019,54
-74.14727783203125,40.946250915527344,Passaic County,34031,34
-91.19879913330078,43.74720001220703,La Crosse County,55063,55
-111.91570281982422,33.69746398925781,Maricopa County,04013,04
-89.647216796875,39.79909896850586,Sangamon County,17167,17
-118.20539855957033,34.06675720214844,Los Angeles County,06037,06
-83.80455780029297,39.93463897705078,Clark County,39023,39
-106.64340209960938,35.08418273925781,Bernalillo County,35001,35
-117.14818572998048,32.75434494018555,San Diego County,06073,06
-110.94969940185548,32.22164535522461,Pima County,04019,04
-76.35771179199219,37.07365036010742,Hampton city,51650,51
-118.2433090209961,34.01942443847656,Los Angeles County,06037,06
-86.94334411621094,31.43096923828125,Conecuh County,01035,01
-108.57798767089844,45.74024963378906,Yellowstone County,30111,30
-84.46452331542969,33.86769104003906,Cobb County,13067,13
-87.61962127685547,41.79093933105469,Cook County,17031,17
-83.62770080566406,42.24869918823242,Washtenaw County,26161,26
-102.75453186035156,47.371856689453125,Dunn County,38025,38
-105.0899429321289,40.57589721679688,Larimer County,08069,08
-75.66675567626953,39.52794647216797,New Castle County,10003,10
-83.8122329711914,39.92283630371094,Clark County,39023,39
-77.80896759033203,38.71242141723633,Fauquier County,51061,51
-90.1846694946289,32.297950744628906,Hinds County,28049,28
-81.58007049560547,30.249727249145508,Duval County,12031,12
-71.60408782958984,42.35152816772461,Middlesex County,25017,25
-74.10963439941406,40.875099182128906,Bergen County,34003,34
-110.97453308105467,32.22248077392578,Pima County,04019,04
-82.60501861572266,41.29835891723633,Erie County,39043,39
-80.69890594482422,34.21886444091797,Kershaw County,45055,45
-98.4793930053711,29.43754196166992,Bexar County,48029,48
-81.02274322509766,33.9980583190918,Richland County,45079,45
-118.22903442382812,34.213661193847656,Los Angeles County,06037,06
-77.61345672607422,43.15496826171875,Monroe County,36055,36
-87.66581726074219,41.80833053588867,Cook County,17031,17
-82.35429382324219,39.46220016479492,Hocking County,39073,39
-74.32020568847656,40.667762756347656,Union County,34039,34
-122.81828308105467,38.39366912841797,Sonoma County,06097,06
-115.28571319580078,36.28677749633789,Clark County,32003,32
-93.5663604736328,38.98748016357422,Lafayette County,29107,29
-102.80789184570312,47.02433776855469,Dunn County,38025,38
-117.4481430053711,34.09032440185547,San Bernardino County,06071,06
-105.06610107421876,40.04359817504883,Boulder County,08013,08
-112.17005157470705,33.47904968261719,Maricopa County,04013,04
-82.24066162109375,34.9427490234375,Greenville County,45045,45
-96.83580017089844,39.02444076538086,Geary County,20061,20
-118.17691802978516,33.88669967651367,Los Angeles County,06037,06
-74.01533508300781,40.71155548095703,New York County,36061,36
-87.668701171875,41.79729843139648,Cook County,17031,17
-111.91625213623048,33.68994140625,Maricopa County,04013,04
-83.6222915649414,41.3732795715332,Wood County,39173,39
-122.50389862060548,37.78235626220703,San Francisco County,06075,06
-84.39189910888672,39.1422004699707,Hamilton County,39061,39
-81.71023559570312,38.31096649169922,Kanawha County,54039,54
-72.7068862915039,41.77221298217773,Capitol Planning Region,09110,09
-73.26656341552734,42.341094970703125,Berkshire County,25003,25
-94.42418670654295,35.389671325683594,Sebastian County,05131,05
-80.2004623413086,26.10420227050781,Broward County,12011,12
-87.62042236328125,41.85391616821289,Cook County,17031,17
-83.63700103759766,40.657901763916016,Hardin County,39065,39
-81.6575927734375,30.32567405700684,Duval County,12031,12
-76.62934112548828,39.15607833862305,Anne Arundel County,24003,24
-83.04571533203125,42.33366394042969,Wayne County,26163,26
-100.76270294189452,46.83856964111328,Burleigh County,38015,38
-92.47783660888672,44.03164291381836,Olmsted County,27109,27
-84.09867095947266,41.41253280639648,Henry County,39069,39
-97.43299865722656,31.11370086669922,Bell County,48027,48
-84.50444030761719,39.10158157348633,Hamilton County,39061,39
-118.62734985351562,34.199703216552734,Los Angeles County,06037,06
-96.7685317993164,46.861061096191406,Clay County,27027,27
-79.2353744506836,41.08214569091797,Clarion County,42031,42
-98.12357330322266,29.682191848754883,Comal County,48091,48
-98.85199737548828,48.10129928588867,Ramsey County,38071,38
-118.4290542602539,34.311222076416016,Los Angeles County,06037,06
-95.38980102539062,29.699386596679688,Harris County,48201,48
-110.9412078857422,32.22108840942383,Pima County,04019,04
-89.27947998046875,43.144161224365234,Dane County,55025,55
-79.22763061523438,37.4214096069336,Lynchburg city,51680,51
-96.4001235961914,42.49578857421875,Woodbury County,19193,19
-77.02285766601562,38.892852783203125,District of Columbia,11001,11
-96.8058624267578,46.90179061889648,Cass County,38017,38
-75.21602630615234,40.00528335571289,Philadelphia County,42101,42
-85.54238891601562,42.951847076416016,Kent County,26081,26
-74.07736206054688,40.71206283569336,Hudson County,34017,34
-74.01251983642578,40.7099609375,New York County,36061,36
-93.4019012451172,45.11767959594727,Hennepin County,27053,27
-90.19158935546876,38.62849426269531,St. Louis city,29510,29
-84.49051666259766,36.40972900390625,Scott County,47151,47
-112.09015655517578,33.45724105834961,Maricopa County,04013,04
-75.22662353515625,40.69768142700195,Northampton County,42095,42
-104.82463836669922,38.83321380615234,El Paso County,08041,08
-155.65313720703125,20.01594352722168,Hawaii County,15001,15
-72.74320220947266,41.88759994506836,Capitol Planning Region,09110,09
-79.95030212402344,32.784332275390625,Charleston County,45019,45
-82.847900390625,34.67605972290039,Pickens County,45077,45
-112.0561294555664,33.43075942993164,Maricopa County,04013,04
-74.11801147460938,40.86801910400391,Passaic County,34031,34
-95.99079895019533,36.03369903564453,Tulsa County,40143,40
-98.13745880126952,29.704139709472656,Comal County,48091,48
-75.55280303955078,39.73989868164063,New Castle County,10003,10
-81.662841796875,30.316381454467773,Duval County,12031,12
-81.223388671875,32.10490036010742,Chatham County,13051,13
-117.42626953125,47.67557144165039,Spokane County,53063,53
-90.1981964111328,38.63081741333008,St. Louis city,29510,29
-118.0954132080078,34.16947555541992,Los Angeles County,06037,06
-96.79401397705078,32.77571487426758,Dallas County,48113,48
-71.38839721679688,41.8702507019043,Providence County,44007,44
-97.7567367553711,30.268051147460938,Travis County,48453,48
-77.8644027709961,40.803001403808594,Centre County,42027,42
-83.61763000488281,41.659061431884766,Lucas County,39095,39
-76.15119171142578,43.04719161987305,Onondaga County,36067,36
-85.8427963256836,44.724891662597656,Benzie County,26019,26
-76.20056915283203,40.02515411376953,Lancaster County,42071,42
-75.79550170898438,40.3838996887207,Berks County,42011,42
-118.21297454833984,34.04782485961914,Los Angeles County,06037,06
-87.38955688476562,39.475921630859375,Vigo County,18167,18
-96.60514831542967,39.19234848022461,Riley County,20161,20
-75.23390197753906,40.685150146484375,Northampton County,42095,42
-110.98976135253906,32.243167877197266,Pima County,04019,04
-83.0044174194336,42.38594818115234,Wayne County,26163,26
-74.17455291748047,41.0804557800293,Bergen County,34003,34
-87.64140319824219,41.87813568115234,Cook County,17031,17
-97.91783905029295,29.898895263671875,Hays County,48209,48
-87.67986297607422,42.04708862304688,Cook County,17031,17
-97.0560302734375,28.020666122436523,Aransas County,48007,48
-122.37857818603516,47.68003845214844,King County,53033,53
-87.2082290649414,30.482006072998047,Escambia County,12033,12
-96.68538665771484,33.17409133911133,Collin County,48085,48
-93.65324401855467,42.02856063842773,Story County,19169,19
-71.05187225341797,42.35683822631836,Suffolk County,25025,25
-77.51419067382812,38.78681182861328,Prince William County,51153,51
-100.62159729003906,40.20890045166016,Red Willow County,31145,31
-85.78109741210938,38.202030181884766,Jefferson County,21111,21
-85.67755126953125,38.21826171875,Jefferson County,21111,21
-68.67512512207031,44.32925415039063,Hancock County,23009,23
-86.04592895507812,39.84413909912109,Marion County,18097,18
-117.06647491455078,32.68024826049805,San Diego County,06073,06
-120.8582992553711,37.522071838378906,Stanislaus County,06099,06
-84.58930206298828,39.16600036621094,Hamilton County,39061,39
-75.78878021240234,41.32191848754883,Luzerne County,42079,42
-116.69719696044922,35.26570129394531,San Bernardino County,06071,06
-118.31500244140624,34.17277908325195,Los Angeles County,06037,06
-80.27337646484375,26.046262741088867,Broward County,12011,12
-82.50143432617188,27.94091415405273,Hillsborough County,12057,12
-98.4793472290039,29.42789459228516,Bexar County,48029,48
-81.73857116699219,26.346010208129883,Lee County,12071,12
-80.24305725097656,40.171085357666016,Washington County,42125,42
-85.66686248779297,42.9647216796875,Kent County,26081,26
-83.0574951171875,42.352500915527344,Wayne County,26163,26
-78.66378784179688,35.78166961669922,Wake County,37183,37
-83.73660278320312,42.278099060058594,Washtenaw County,26161,26
-106.6213607788086,35.09264373779297,Bernalillo County,35001,35
-119.752197265625,36.801700592041016,Fresno County,06019,06
-76.48530578613281,38.97396469116211,Anne Arundel County,24003,24
-82.5272216796875,27.892940521240234,Hillsborough County,12057,12
-88.17462158203125,42.00857162475586,Cook County,17031,17
-118.24340057373048,33.98889923095703,Los Angeles County,06037,06
-105.07730102539062,40.58610153198242,Larimer County,08069,08
-87.87318420410156,41.497318267822266,Will County,17197,17
-78.9952392578125,37.82696914672852,Nelson County,51125,51
-95.34677124023438,29.73589515686035,Harris County,48201,48
-119.82400512695312,34.42897415161133,Santa Barbara County,06083,06
-76.2634048461914,36.85349655151367,Norfolk city,51710,51
-122.65645599365234,45.63764190673828,Clark County,53011,53
-88.34711456298828,41.99486541748047,Kane County,17089,17
-83.07525634765625,42.37989044189453,Wayne County,26163,26
-82.4054946899414,33.00988006591797,Jefferson County,13163,13
-104.02997589111328,38.12733840942383,Otero County,08089,08
-87.60359191894531,41.81285095214844,Cook County,17031,17
-71.06776428222656,42.353397369384766,Suffolk County,25025,25
-122.43879699707033,38.56890106201172,Napa County,06055,06
-87.63306427001953,41.88534927368164,Cook County,17031,17
-92.4734115600586,42.70983123779297,Bremer County,19017,19
-76.63697052001953,39.150428771972656,Anne Arundel County,24003,24
-114.9814910888672,36.03165054321289,Clark County,32003,32
-85.9393310546875,40.02592849731445,Hamilton County,18057,18
-119.7473373413086,39.54068374633789,Washoe County,32031,32
-118.25439453125,34.05535125732422,Los Angeles County,06037,06
-89.96588897705078,32.24092102050781,Rankin County,28121,28
-71.06642150878906,42.33357620239258,Suffolk County,25025,25
-83.05549621582031,42.34898376464844,Wayne County,26163,26
-92.12503051757812,34.87291717529297,Pulaski County,05119,05
-118.25794982910156,34.05011367797852,Los Angeles County,06037,06
-76.0790786743164,38.774147033691406,Talbot County,24041,24
-74.14849853515625,40.94260025024414,Passaic County,34031,34
-87.61666870117188,41.83095169067383,Cook County,17031,17
-101.29066467285156,48.23296737670898,Ward County,38101,38
-81.53553771972656,37.57799911499024,Wyoming County,54109,54
-82.41621398925781,29.63106918334961,Alachua County,12001,12
-93.47962951660156,35.29878616333008,Logan County,05083,05
-71.0870590209961,42.34856414794922,Suffolk County,25025,25
-78.7247543334961,35.75272750854492,Wake County,37183,37
-72.68531799316406,41.76340103149414,Capitol Planning Region,09110,09
-87.21971130371094,30.4216251373291,Escambia County,12033,12
-86.83517456054688,33.34341049194336,Jefferson County,01073,01
-71.06067657470703,42.35383987426758,Suffolk County,25025,25
-80.25,26.0830135345459,Broward County,12011,12
-94.08392333984376,30.04775047302246,Jefferson County,48245,48
-77.04624938964844,38.80391311645508,Alexandria city,51510,51
-87.56549835205078,41.75746154785156,Cook County,17031,17
-95.57723236083984,29.69418716430664,Harris County,48201,48
-118.28812408447266,34.01637268066406,Los Angeles County,06037,06
-70.15032958984375,41.69463348388672,Barnstable County,25001,25
-117.20760345458984,33.92940139770508,Riverside County,06065,06
-93.21728515625,30.231586456298828,Calcasieu Parish,22019,22
-115.16803741455078,36.16605758666992,Clark County,32003,32
-86.61329650878906,36.17415618896485,Davidson County,47037,47
-95.28053283691406,31.96567916870117,Cherokee County,48073,48
-85.75570678710938,39.786651611328125,Hancock County,18059,18
-71.06712341308594,42.35232925415039,Suffolk County,25025,25
-112.09375762939452,33.68102264404297,Maricopa County,04013,04
-117.93573760986328,33.79132080078125,Orange County,06059,06
-104.82333374023438,38.79035949707031,El Paso County,08041,08
-120.16637420654295,39.3497314453125,Nevada County,06057,06
-91.64109802246094,44.05279922485352,Winona County,27169,27
-111.81434631347656,33.58332061767578,Maricopa County,04013,04
-115.05480194091795,36.15840148925781,Clark County,32003,32
-80.00227355957031,40.4424934387207,Allegheny County,42003,42
-74.12332153320312,40.9785385131836,Bergen County,34003,34
-108.4996566772461,45.78860092163086,Yellowstone County,30111,30
-96.40272521972656,42.49334716796875,Woodbury County,19193,19
-81.4800033569336,41.02730178833008,Summit County,39153,39
-76.10870361328125,40.09700012207031,Lancaster County,42071,42
-81.61614990234375,41.50428771972656,Cuyahoga County,39035,39
-81.38492584228516,28.545305252075195,Orange County,12095,12
-85.73335266113281,38.25954818725586,Jefferson County,21111,21
-117.2271728515625,33.785888671875,Riverside County,06065,06
-87.65679168701172,41.998138427734375,Cook County,17031,17
-97.85860443115234,30.24338150024414,Travis County,48453,48
-79.9932632446289,40.44535827636719,Allegheny County,42003,42
-75.49464416503906,40.60267639160156,Lehigh County,42077,42
-86.48709869384766,36.98646926879883,Warren County,21227,21
-70.25897979736328,41.65777587890625,Barnstable County,25001,25
-118.2486343383789,34.14646530151367,Los Angeles County,06037,06
-94.11730194091795,30.07042121887207,Jefferson County,48245,48
-106.64205169677734,35.312931060791016,Sandoval County,35043,35
-86.89751434326172,36.192657470703125,Davidson County,47037,47
-83.60327911376953,39.23389053344727,Highland County,39071,39
-81.63195037841797,26.59784507751465,Lee County,12071,12
-101.92843627929688,35.192176818847656,Potter County,48375,48
-115.38701629638672,35.60919189453125,Clark County,32003,32
-88.68171691894531,32.37648010253906,Lauderdale County,28075,28
-111.85811614990234,40.52447509765625,Salt Lake County,49035,49
-75.1438217163086,39.95005035400391,Philadelphia County,42101,42
-74.76822662353516,40.22031784057617,Mercer County,34021,34
-75.3200912475586,40.02216339111328,Montgomery County,42091,42
-115.26739501953124,36.15740585327149,Clark County,32003,32
-95.57014465332033,46.59527587890625,Otter Tail County,27111,27
-72.16236114501953,42.24700927734375,Worcester County,25027,25
-80.73208618164062,37.32825469970703,Giles County,51071,51
-118.22498321533205,34.085323333740234,Los Angeles County,06037,06
-83.01570129394531,39.95787811279297,Franklin County,39049,39
-93.63288116455078,41.5859375,Polk County,19153,19
-79.96240234375,40.43159866333008,Allegheny County,42003,42
-97.42996978759766,27.74811553955078,Nueces County,48355,48
-85.59236145019531,42.98479843139648,Kent County,26081,26
-117.88652801513672,33.838401794433594,Orange County,06059,06
-117.91584777832033,33.83306121826172,Orange County,06059,06
-96.4009017944336,42.49496078491211,Woodbury County,19193,19
-122.47564697265624,37.71349334716797,San Francisco County,06075,06
-95.393310546875,29.739198684692383,Harris County,48201,48
-94.8360366821289,43.40261459350586,Emmet County,19063,19
-86.15614318847656,39.7805290222168,Marion County,18097,18
-104.9950180053711,39.924949645996094,Adams County,08001,08
-112.09449768066406,33.44810104370117,Maricopa County,04013,04
-95.5710906982422,29.72892570495605,Harris County,48201,48
-119.78277587890624,36.29867172241211,Kings County,06031,06
-93.36302947998048,44.75252532958984,Scott County,27139,27
-112.0279312133789,33.51087188720703,Maricopa County,04013,04
-117.16352081298828,32.71645736694336,San Diego County,06073,06
-96.99962615966795,28.799304962158203,Victoria County,48469,48
-76.66288757324219,40.36429977416992,Dauphin County,42043,42
-75.25064086914062,39.952030181884766,Philadelphia County,42101,42
-80.27088928222656,26.19536590576172,Broward County,12011,12
-98.09905242919922,29.695114135742188,Comal County,48091,48
-106.6153564453125,35.08070755004883,Bernalillo County,35001,35
-75.54402160644531,39.74665069580078,New Castle County,10003,10
-84.72532653808594,31.43816947937012,Calhoun County,13037,13
-96.32070922851562,30.61723518371582,Brazos County,48041,48
-105.09457397460938,40.00241470336914,Boulder County,08013,08
-121.48099517822266,38.57716369628906,Sacramento County,06067,06
-122.01647186279295,37.92181015014648,Contra Costa County,06013,06
-87.68785095214844,41.548221588134766,Cook County,17031,17
-86.97540283203125,45.75859832763672,Delta County,26041,26
-75.31238555908203,38.764442443847656,Sussex County,10005,10
-98.12898254394533,29.700870513916016,Comal County,48091,48
-75.31990051269531,39.96870040893555,Delaware County,42045,42
-110.75936889648438,43.47798156738281,Teton County,56039,56
-80.82050323486328,41.84460067749024,Ashtabula County,39007,39
-118.26046752929688,34.050010681152344,Los Angeles County,06037,06
-83.73090362548828,34.92839813232422,Towns County,13281,13
-117.16766357421876,32.71961975097656,San Diego County,06073,06
-95.3197021484375,29.7726993560791,Harris County,48201,48
-94.58180236816406,39.43190002441406,Clay County,29047,29
-85.1831283569336,30.75333023071289,Jackson County,12063,12
-72.7174301147461,41.76864242553711,Capitol Planning Region,09110,09
-88.95033264160156,34.73937225341797,Tippah County,28139,28
-83.24479675292969,42.64339828491211,Oakland County,26125,26
-105.11063385009766,40.44036865234375,Larimer County,08069,08
-111.74261474609376,33.46797180175781,Maricopa County,04013,04
-94.13606262207033,30.1047306060791,Jefferson County,48245,48
-84.17198944091797,35.9062385559082,Knox County,47093,47
-118.26001739501952,34.051048278808594,Los Angeles County,06037,06
-96.82506561279295,32.80045700073242,Dallas County,48113,48
-94.42569732666016,35.38869857788086,Sebastian County,05131,05
-116.20118713378906,43.61931991577149,Ada County,16001,16
-90.15741729736328,32.34600067138672,Hinds County,28049,28
-74.11644744873047,40.98601913452149,Bergen County,34003,34
-85.45861053466797,42.28443908691406,Kalamazoo County,26077,26
-84.46106719970703,42.72416687011719,Ingham County,26065,26
-75.54902648925781,39.74594879150391,New Castle County,10003,10
-118.39238739013672,33.98461151123047,Los Angeles County,06037,06
-95.6273193359375,29.7598876953125,Harris County,48201,48
-117.66714477539062,33.56241989135742,Orange County,06059,06
-79.8947525024414,39.6125602722168,Monongalia County,54061,54
-101.85304260253906,33.586883544921875,Lubbock County,48303,48
-95.6116714477539,29.76814079284668,Harris County,48201,48
-79.98284912109375,39.65790939331055,Monongalia County,54061,54
-117.4395751953125,33.92700958251953,Riverside County,06065,06
-80.25032043457031,26.094850540161133,Broward County,12011,12
-70.99951171875,42.05551528930664,Plymouth County,25023,25
-81.93730163574219,33.7848014831543,Edgefield County,45037,45
-82.01004028320312,34.498374938964844,Laurens County,45059,45
-81.76969909667969,34.022098541259766,Saluda County,45081,45
-81.01483154296875,33.97343063354492,Richland County,45079,45
-81.01885986328125,34.062782287597656,Richland County,45079,45
-82.41331481933594,34.692283630371094,Greenville County,45045,45
-79.77418518066406,34.19720458984375,Florence County,45041,45
-81.97171020507812,33.49259948730469,Aiken County,45003,45
-79.35320281982422,33.39826965332031,Georgetown County,45043,45
-79.04457092285156,33.552242279052734,Georgetown County,45043,45
-82.40149688720703,34.864009857177734,Greenville County,45045,45
-81.2019271850586,33.67266082763672,Lexington County,45063,45
-78.95204162597656,33.68851852416992,Horry County,45051,45
-81.62197875976562,34.71131896972656,Union County,45087,45
-74.3004379272461,41.01760482788086,Passaic County,34031,34
-103.3937530517578,46.18230438232422,Bowman County,38011,38
-98.00284576416016,46.92306518554688,Barnes County,38003,38
-102.40341186523438,48.641700744628906,Burke County,38013,38
-100.77591705322266,46.82683181762695,Burleigh County,38015,38
-101.78379821777344,47.298301696777344,Mercer County,38057,38
-101.77771759033205,47.26333236694336,Mercer County,38057,38
-103.22699737548828,47.19559860229492,Billings County,38007,38
-98.8588409423828,48.1027717590332,Ramsey County,38071,38
-103.28341674804688,47.80270767211914,McKenzie County,38053,38
-96.84535217285156,46.7996940612793,Cass County,38017,38
-96.8058624267578,46.877174377441406,Cass County,38017,38
-96.79027557373048,46.87751770019531,Cass County,38017,38
-98.00560760498048,46.9239387512207,Barnes County,38003,38
-96.83893585205078,46.85353469848633,Cass County,38017,38
-97.10161590576172,47.90513610839844,Grand Forks County,38035,38
-100.7938003540039,46.82799911499024,Burleigh County,38015,38
-83.64277648925781,42.97979736328125,Genesee County,26049,26
-76.23260498046875,41.05671310424805,Columbia County,42037,42
-101.25520324707033,48.21649932861328,Ward County,38101,38
-101.2527313232422,48.22112655639648,Ward County,38101,38
-97.66236114501952,46.22586441040039,Sargent County,38081,38
-103.6192855834961,48.14755630493164,Williams County,38105,38
-74.39938354492188,41.45368194580078,Orange County,36071,36
-73.3646469116211,40.86613845825195,Suffolk County,36103,36
-73.86216735839844,40.90108871459961,Bronx County,36005,36
-73.69625854492188,40.97922897338867,Westchester County,36119,36
-73.78093719482422,41.55751800537109,Dutchess County,36027,36
-76.48562622070312,42.4847297668457,Tompkins County,36109,36
-73.87824249267578,40.82997131347656,Bronx County,36005,36
-73.88294982910156,40.83523941040039,Bronx County,36005,36
-73.78199768066406,40.77790069580078,Queens County,36081,36
-73.9032974243164,40.61360168457031,Kings County,36047,36
-73.77165222167969,40.75960540771485,Queens County,36081,36
-73.73570251464844,40.72510147094727,Queens County,36081,36
-73.74201202392578,40.73070526123047,Queens County,36081,36
-73.73529815673828,40.71586990356445,Queens County,36081,36
-73.74359893798828,40.71530151367188,Queens County,36081,36
-73.81500244140625,40.69725036621094,Queens County,36081,36
-89.02812957763672,42.49858856201172,Rock County,55105,55
-73.78251647949219,40.72913360595703,Queens County,36081,36
-73.76490020751953,40.74980163574219,Queens County,36081,36
-73.80595397949219,40.718509674072266,Queens County,36081,36
-73.74906158447266,40.76906967163086,Queens County,36081,36
-73.78189849853516,40.732398986816406,Queens County,36081,36
-73.4188003540039,40.72370147705078,Suffolk County,36103,36
-73.87226867675781,40.83815002441406,Bronx County,36005,36
-76.2247543334961,43.07438659667969,Onondaga County,36067,36
-73.95297241210938,42.81484222412109,Schenectady County,36093,36
-73.93010711669922,41.71612930297852,Dutchess County,36027,36
-78.70761108398438,43.177711486816406,Niagara County,36063,36
-82.96902465820312,37.78097534179688,Magoffin County,21153,21
-84.62482452392578,42.73963165283203,Eaton County,26045,26
-88.23150634765625,37.02984619140625,Livingston County,21139,21
-87.95040130615234,37.10820007324219,Caldwell County,21033,21
-87.58080291748047,37.85200119018555,Henderson County,21101,21
-85.87989044189453,37.69308471679688,Hardin County,21093,21
-87.95590209960938,36.98649978637695,Lyon County,21143,21
-88.06759643554688,37.119998931884766,Lyon County,21143,21
-84.50859832763672,39.08570098876953,Kenton County,21117,21
-83.0750732421875,37.752235412597656,Magoffin County,21153,21
-83.06855773925781,37.75107955932617,Magoffin County,21153,21
-96.1919174194336,32.69512939453125,Kaufman County,48257,48
-89.19093322753906,30.414119720458984,Harrison County,28047,28
-90.02459716796875,33.10589599609375,Holmes County,28051,28
-89.03923034667969,42.57429504394531,Rock County,55105,55
-88.43370056152344,33.59709930419922,Lowndes County,28087,28
-90.46805572509766,34.42338180541992,Coahoma County,28027,28
-89.04910278320312,30.39829444885254,Harrison County,28047,28
-90.9437026977539,31.698299407958984,Jefferson County,28063,28
-88.5344009399414,32.41080093383789,Lauderdale County,28075,28
-88.53443908691406,32.410831451416016,Lauderdale County,28075,28
-89.83599853515625,31.249399185180664,Marion County,28091,28
-88.03350067138672,45.09249877929688,Marinette County,55075,55
-87.67469787597656,45.07600021362305,Marinette County,55075,55
-90.88099670410156,43.90997695922852,Monroe County,55081,55
-87.92237854003906,43.03953170776367,Milwaukee County,55079,55
-87.96898651123047,43.00250244140625,Milwaukee County,55079,55
-87.90843200683594,43.03425979614258,Milwaukee County,55079,55
-88.95020294189453,42.53799819946289,Rock County,55105,55
-88.0448989868164,43.0352783203125,Milwaukee County,55079,55
-87.911376953125,42.94829940795898,Milwaukee County,55079,55
-89.14070129394531,44.338626861572266,Waupaca County,55135,55
-88.44540405273438,43.79670333862305,Fond du Lac County,55039,55
-90.1897964477539,42.854000091552734,Iowa County,55049,55
-97.51583099365234,35.59687042236328,Oklahoma County,40109,40
-98.3856964111328,34.598201751708984,Comanche County,40031,40
-97.46063232421876,35.24379348754883,Cleveland County,40027,40
-96.00727081298828,36.12191009521485,Tulsa County,40143,40
-97.41927337646484,35.722740173339844,Oklahoma County,40109,40
-97.5158233642578,35.47922897338867,Oklahoma County,40109,40
-81.98738098144531,38.2373161315918,Lincoln County,54043,54
-96.00920104980467,36.11090087890625,Tulsa County,40143,40
-95.8040008544922,36.1609992980957,Tulsa County,40143,40
-95.96673583984376,36.14622497558594,Tulsa County,40143,40
-97.5148468017578,35.46864318847656,Oklahoma County,40109,40
-97.4530029296875,35.53710174560547,Oklahoma County,40109,40
-81.53791809082031,39.17351150512695,Wood County,54107,54
-97.5199203491211,35.478389739990234,Oklahoma County,40109,40
-77.47309875488281,37.348899841308594,Chesterfield County,51041,51
-77.32535552978516,38.9480094909668,Fairfax County,51059,51
-84.1472396850586,33.9287223815918,Gwinnett County,13135,13
-83.92608642578125,33.98303985595703,Gwinnett County,13135,13
-84.5182113647461,34.05169677734375,Cobb County,13067,13
-84.36106872558594,33.53791046142578,Clayton County,13063,13
-84.40705108642578,33.771148681640625,Fulton County,13121,13
-84.39038848876953,33.749794006347656,Fulton County,13121,13
-84.40801239013672,33.77855682373047,Fulton County,13121,13
-83.01065826416016,42.40071868896485,Wayne County,26163,26
-82.71430206298828,42.72090148925781,St. Clair County,26147,26
-82.91629791259766,42.44039916992188,Wayne County,26163,26
-78.75202941894531,39.36063003540039,Hampshire County,54027,54
-85.6532974243164,42.76639938354492,Allegan County,26005,26
-85.49079895019531,42.61370086669922,Barry County,26015,26
-83.03456115722656,42.47029876708984,Macomb County,26099,26
-83.26280975341797,42.473445892333984,Oakland County,26125,26
-83.91249084472656,43.652793884277344,Bay County,26017,26
-81.63670349121094,38.34868240356445,Kanawha County,54039,54
-84.13469696044922,44.65306091308594,Oscoda County,26135,26
-83.01953125,42.40473937988281,Wayne County,26163,26
-82.94063568115234,42.38826370239258,Wayne County,26163,26
-83.05168151855469,42.33942031860352,Wayne County,26163,26
-85.44984436035156,42.005985260009766,St. Joseph County,26149,26
-85.52710723876953,41.92374038696289,St. Joseph County,26149,26
-85.42414855957031,41.78243255615234,St. Joseph County,26149,26
-85.43983459472656,41.86770248413086,St. Joseph County,26149,26
-85.45249938964844,41.81449890136719,St. Joseph County,26149,26
-80.09400939941406,38.22105026245117,Pocahontas County,54075,54
-81.58580017089844,38.38719940185547,Kanawha County,54039,54
-82.04456329345703,37.85917282104492,Logan County,54045,54
-80.46119689941406,39.05780029296875,Lewis County,54041,54
-80.4614028930664,39.074100494384766,Lewis County,54041,54
-81.83729553222656,38.3687629699707,Kanawha County,54039,54
-81.55223846435547,39.23408126831055,Wood County,54107,54
-79.58313751220703,39.13779830932617,Tucker County,54093,54
-79.6865005493164,39.10139846801758,Tucker County,54093,54
-80.79840850830078,37.39672470092773,Monroe County,54063,54
-82.44113159179688,38.41819381713867,Cabell County,54011,54
-79.9324722290039,38.28783416748047,Pocahontas County,54075,54
-81.1814956665039,37.77947998046875,Raleigh County,54081,54
-81.104736328125,37.33916473388672,Mercer County,54055,54
-80.46646881103516,39.03596878051758,Lewis County,54041,54
-80.47493743896484,39.09672927856445,Lewis County,54041,54
-80.39806365966797,39.12271118164063,Lewis County,54041,54
-80.48334503173828,39.05497741699219,Lewis County,54041,54
-77.84356689453125,39.294921875,Jefferson County,54037,54
-81.20932006835938,37.29225540161133,Mercer County,54055,54
-80.03378295898438,39.69817733764648,Monongalia County,54061,54
-79.99958801269531,39.26112747192383,Taylor County,54091,54
-80.17254638671875,39.47153854370117,Marion County,54049,54
-79.98960876464844,39.34303283691406,Taylor County,54091,54
-81.63778686523438,38.3590087890625,Kanawha County,54039,54
-81.63672637939453,38.35917663574219,Kanawha County,54039,54
-80.18644714355469,39.47520065307617,Marion County,54049,54
-78.00848388671875,39.39788818359375,Berkeley County,54003,54
-81.65519714355469,38.674598693847656,Jackson County,54035,54
-79.93058013916016,39.61474990844727,Monongalia County,54061,54
-79.49510955810547,39.66363906860352,Preston County,54077,54
-81.55412292480469,39.31621551513672,Wood County,54107,54
-81.54805755615234,39.299564361572266,Wood County,54107,54
-81.530517578125,39.34575653076172,Wood County,54107,54
-81.4551773071289,37.64082717895508,Wyoming County,54109,54
-81.81014251708984,37.732154846191406,Logan County,54045,54
-80.47039794921875,39.04159927368164,Lewis County,54041,54
-79.95762634277344,39.631141662597656,Monongalia County,54061,54
-79.95803833007812,39.63056564331055,Monongalia County,54061,54
-78.60599517822266,39.30522918701172,Hampshire County,54027,54
-79.6761474609375,39.0983772277832,Tucker County,54093,54
-79.95259094238281,39.65391540527344,Monongalia County,54061,54
-80.54209899902344,40.4281005859375,Hancock County,54029,54
-80.54029846191406,40.42679977416992,Hancock County,54029,54
-81.90447235107422,38.44903945922852,Putnam County,54079,54
-81.9046401977539,38.503211975097656,Putnam County,54079,54
-81.63239288330078,38.35203170776367,Kanawha County,54039,54
-81.63469696044922,38.34938049316406,Kanawha County,54039,54
-79.96703338623047,39.60578155517578,Monongalia County,54061,54
-77.9674301147461,39.46107864379883,Berkeley County,54003,54
-81.5914306640625,38.358375549316406,Kanawha County,54039,54
-81.63252258300781,38.35048675537109,Kanawha County,54039,54
-81.60906982421875,38.34362030029297,Kanawha County,54039,54
-81.6287841796875,38.34163284301758,Kanawha County,54039,54
-79.96711730957031,38.73659133911133,Randolph County,54083,54
-82.13489532470703,38.859493255615234,Mason County,54053,54
-82.1391830444336,38.84184646606445,Mason County,54053,54
-91.8323974609375,36.36029815673828,Fulton County,05049,05
-91.82258605957033,36.37032699584961,Fulton County,05049,05
-82.995361328125,39.96819305419922,Franklin County,39049,39
-76.59393310546875,39.150611877441406,Anne Arundel County,24003,24
-76.58999633789062,39.1682014465332,Anne Arundel County,24003,24
-83.50740051269531,41.66619873046875,Lucas County,39095,39
-83.60582733154297,39.61776351928711,Fayette County,39047,39
-81.62879943847656,39.46849822998047,Washington County,39167,39
-81.46839904785156,40.50550079345703,Tuscarawas County,39157,39
-81.46041107177734,40.48198699951172,Tuscarawas County,39157,39
-81.4422378540039,40.474727630615234,Tuscarawas County,39157,39
-75.97888946533203,39.078651428222656,Queen Anne's County,24035,24
-83.06590270996094,40.30189895629883,Delaware County,39041,39
-81.76078033447266,41.390907287597656,Cuyahoga County,39035,39
-81.6948013305664,41.50120162963867,Cuyahoga County,39035,39
-81.72167205810547,39.76932144165039,Muskingum County,39119,39
-83.07550048828125,40.153099060058594,Delaware County,39041,39
-81.63053894042969,41.52044296264648,Cuyahoga County,39035,39
-76.87537384033203,38.8397216796875,Prince George's County,24033,24
-83.05191802978516,41.25487518310547,Seneca County,39147,39
-81.45865631103516,39.42872619628906,Washington County,39167,39
-84.51187896728516,39.33359146118164,Butler County,39017,39
-80.83540344238281,40.0640983581543,Belmont County,39013,39
-83.07160186767578,39.9807014465332,Franklin County,39049,39
-76.6294174194336,39.09513473510742,Anne Arundel County,24003,24
-81.23789978027344,41.1509017944336,Portage County,39133,39
-83.01087951660156,39.957298278808594,Franklin County,39049,39
-82.96343231201172,39.339481353759766,Ross County,39141,39
-76.62232208251953,39.17279815673828,Anne Arundel County,24003,24
-76.81875610351562,39.25136566162109,Howard County,24027,24
-76.62005615234375,39.1740608215332,Anne Arundel County,24003,24
-77.45536041259766,39.4207649230957,Frederick County,24021,24
-76.7826156616211,39.40118789672852,Baltimore County,24005,24
-76.72709655761719,38.84519958496094,Prince George's County,24033,24
-76.63232421875,38.3145866394043,St. Mary's County,24037,24
-95.4254913330078,29.81689071655273,Harris County,48201,48
-76.58226013183594,39.219539642333984,Baltimore city,24510,24
-76.64381408691406,39.33311080932617,Baltimore city,24510,24
-76.75106811523438,38.81630706787109,Prince George's County,24033,24
-76.79139709472656,39.00199890136719,Prince George's County,24033,24
-76.76728820800781,38.97138214111328,Prince George's County,24033,24
-76.77616119384766,39.006439208984375,Prince George's County,24033,24
-76.61344909667969,39.28836441040039,Baltimore city,24510,24
-76.455078125,39.35845947265625,Baltimore County,24005,24
-77.01788330078125,38.99061965942383,Montgomery County,24031,24
-76.63159942626953,39.25569915771485,Baltimore city,24510,24
-76.94468688964844,38.58845901489258,Charles County,24017,24
-76.50980377197266,38.95000076293945,Anne Arundel County,24003,24
-79.38175964355469,39.39833450317383,Garrett County,24023,24
-75.38880157470703,38.17770004272461,Worcester County,24047,24
-76.97789764404297,38.55540084838867,Charles County,24017,24
-76.63191223144531,39.271270751953125,Baltimore city,24510,24
-76.01750183105469,39.03170394897461,Queen Anne's County,24035,24
-76.70244598388672,39.15947723388672,Anne Arundel County,24003,24
-76.60211181640625,39.15586471557617,Anne Arundel County,24003,24
-93.19120025634766,45.09566116333008,Ramsey County,27123,27
-76.33844757080078,39.58068084716797,Harford County,24025,24
-76.62122344970703,39.30220413208008,Baltimore city,24510,24
-79.40669250488281,39.40814971923828,Garrett County,24023,24
-76.69142150878906,38.80751800537109,Anne Arundel County,24003,24
-76.69770050048828,38.80899810791016,Anne Arundel County,24003,24
-105.07816314697266,39.798118591308594,Jefferson County,08059,08
-73.63495635986328,41.02442932128906,Western Connecticut Planning Region,09190,09
-77.1557388305664,39.35942459106445,Carroll County,24013,24
-93.05552673339844,44.86468124389648,Dakota County,27037,27
-94.41008758544922,46.33307647705078,Cass County,27021,27
-106.67919921875,35.045501708984375,Bernalillo County,35001,35
-107.88300323486328,35.163700103759766,Cibola County,35006,35
-93.17106628417967,44.8467903137207,Dakota County,27037,27
-72.94001007080078,41.296852111816406,South Central Connecticut Planning Region,09170,09
-96.67644500732422,46.84668350219727,Clay County,27027,27
-122.94853973388672,45.49665069580078,Washington County,41067,41
-123.0364990234375,44.94210052490234,Marion County,41047,41
-123.03782653808594,44.941349029541016,Marion County,41047,41
-123.03825378417967,44.9471435546875,Marion County,41047,41
-123.03606414794922,44.939918518066406,Marion County,41047,41
-123.03662109375,44.94128036499024,Marion County,41047,41
-118.8057098388672,45.66095352172852,Umatilla County,41059,41
-121.51301574707033,45.70876693725586,Hood River County,41027,41
-90.70802307128906,38.79817581176758,St. Charles County,29183,29
-90.39239501953124,36.75704956054688,Butler County,29023,29
-90.9189682006836,38.47200012207031,Franklin County,29071,29
-91.71281433105467,40.11648941040039,Lewis County,29111,29
-91.51856994628906,40.1305046081543,Lewis County,29111,29
-90.40724182128906,36.75687026977539,Butler County,29023,29
-90.41117095947266,36.74629211425781,Butler County,29023,29
-90.44290161132812,36.7322998046875,Butler County,29023,29
-93.62396240234376,41.58830642700195,Polk County,19153,19
-74.36299133300781,40.449588775634766,Middlesex County,34023,34
-104.68196105957033,40.409793853759766,Weld County,08123,08
-105.2811508178711,40.02492141723633,Boulder County,08013,08
-105.47301483154295,40.18017578125,Boulder County,08013,08
-105.279052734375,40.01872253417969,Boulder County,08013,08
-104.82449340820312,39.72037124633789,Arapahoe County,08005,08
-104.84796905517578,39.75421142578125,Adams County,08001,08
-72.6852035522461,41.332401275634766,South Central Connecticut Planning Region,09170,09
-86.12541198730469,39.57875061035156,Johnson County,18081,18
-72.86310577392578,41.38900375366211,South Central Connecticut Planning Region,09170,09
-73.54666137695312,41.0425033569336,Western Connecticut Planning Region,09190,09
-72.92671966552734,41.297489166259766,South Central Connecticut Planning Region,09170,09
-73.37120819091797,41.66183853149414,Northwest Hills Planning Region,09160,09
-73.12918853759766,41.78987121582031,Northwest Hills Planning Region,09160,09
-72.65773010253906,41.77128982543945,Capitol Planning Region,09110,09
-72.67300415039062,41.77054977416992,Capitol Planning Region,09110,09
-72.639404296875,41.77960968017578,Capitol Planning Region,09110,09
-75.28720092773438,42.81829833984375,Madison County,36053,36
-73.41625213623047,41.4916877746582,Western Connecticut Planning Region,09190,09
-73.39972686767578,41.44981002807617,Western Connecticut Planning Region,09190,09
-72.21893310546875,41.72445297241211,Southeastern Connecticut Planning Region,09180,09
-72.206298828125,41.69879913330078,Southeastern Connecticut Planning Region,09180,09
-72.85787963867188,41.74837112426758,Capitol Planning Region,09110,09
-73.15809631347656,41.16544342041016,Greater Bridgeport Planning Region,09120,09
-73.10191345214844,41.24315643310547,Greater Bridgeport Planning Region,09120,09
-72.64834594726562,41.94475173950195,Capitol Planning Region,09110,09
-72.64497375488281,41.766090393066406,Capitol Planning Region,09110,09
-72.67371368408203,41.73751831054688,Capitol Planning Region,09110,09
-97.27670288085938,37.64229965209961,Sedgwick County,20173,20
-97.94903564453124,38.05305099487305,Reno County,20155,20
-97.33050537109376,37.675048828125,Sedgwick County,20173,20
-97.61145782470705,38.76633071899414,Saline County,20169,20
-96.56436157226562,39.17383193969727,Riley County,20161,20
-94.6935577392578,37.399391174316406,Crawford County,20037,20
-95.08351135253906,38.94167709350586,Douglas County,20045,20
-97.62246704101562,38.83391952514648,Saline County,20169,20
-94.6697006225586,38.86483001708984,Johnson County,20091,20
-95.0816879272461,38.71703720092773,Franklin County,20059,20
-96.82906341552734,39.05049133300781,Geary County,20061,20
-94.76805877685548,39.07078170776367,Wyandotte County,20209,20
-95.6675033569336,39.05189895629883,Shawnee County,20177,20
-98.76580047607422,38.38600158691406,Barton County,20009,20
-98.80171966552734,38.36479949951172,Barton County,20009,20
-95.7123031616211,39.09439849853516,Shawnee County,20177,20
-96.53669738769533,39.15620040893555,Riley County,20161,20
-94.61589050292967,39.067508697509766,Wyandotte County,20209,20
-95.85189819335938,38.98500061035156,Shawnee County,20177,20
-95.92401885986328,41.26567840576172,Douglas County,31055,31
-91.67334747314452,42.03497695922852,Linn County,19113,19
-93.62531280517578,41.5893783569336,Polk County,19153,19
-93.59772491455078,41.63656234741211,Polk County,19153,19
-92.34266662597656,42.496768951416016,Black Hawk County,19013,19
-92.30342864990234,41.73105239868164,Poweshiek County,19157,19
-91.67550659179688,41.98278045654297,Linn County,19113,19
-93.84049987792967,42.46939849853516,Hamilton County,19079,19
-93.63053131103516,41.59120178222656,Polk County,19153,19
-93.623291015625,41.5885009765625,Polk County,19153,19
-93.61263275146484,42.02537536621094,Story County,19169,19
-93.0717544555664,41.68672180175781,Jasper County,19099,19
-92.59870147705078,42.32550048828125,Grundy County,19075,19
-92.3250961303711,42.48522567749024,Black Hawk County,19013,19
-92.25859832763672,42.4984016418457,Black Hawk County,19013,19
-93.54138946533205,41.371578216552734,Warren County,19181,19
-93.64769744873048,41.42010116577149,Warren County,19181,19
-96.40493774414062,42.496341705322266,Woodbury County,19193,19
-91.6829605102539,41.96649169921875,Linn County,19113,19
-91.73355102539062,41.96862411499024,Linn County,19113,19
-93.77172088623048,41.55856704711914,Polk County,19153,19
-91.67790222167967,41.945899963378906,Linn County,19113,19
-92.4166030883789,40.85150146484375,Davis County,19051,19
-91.66262817382812,41.68857192993164,Johnson County,19103,19
-90.47579956054688,41.53020095825195,Scott County,19163,19
-90.00271606445312,29.83436393737793,Plaquemines Parish,22075,22
-90.01302337646484,29.87360954284668,Plaquemines Parish,22075,22
-90.00325012207031,29.832666397094727,Plaquemines Parish,22075,22
-92.06815338134766,32.588829040527344,Ouachita Parish,22073,22
-92.07935333251952,32.45466995239258,Ouachita Parish,22073,22
-92.10458374023438,32.51734161376953,Ouachita Parish,22073,22
-92.0813980102539,32.52949905395508,Ouachita Parish,22073,22
-91.17870330810548,30.450485229492188,East Baton Rouge Parish,22033,22
-90.8668441772461,30.48607635498047,Livingston Parish,22063,22
-90.85797119140624,30.429834365844727,Livingston Parish,22063,22
-90.9206314086914,30.23869132995605,Ascension Parish,22005,22
-90.8403091430664,30.20979881286621,Ascension Parish,22005,22
-90.06761169433594,29.91851234436035,Jefferson Parish,22051,22
-91.02052307128906,30.353500366210938,East Baton Rouge Parish,22033,22
-93.22579956054688,30.208499908447266,Calcasieu Parish,22019,22
-90.07391357421876,29.887678146362305,Jefferson Parish,22051,22
-90.23609924316406,29.99329948425293,Jefferson Parish,22051,22
-90.27509307861328,29.976825714111328,Jefferson Parish,22051,22
-91.17510223388672,30.46838760375977,East Baton Rouge Parish,22033,22
-91.1767578125,30.45166015625,East Baton Rouge Parish,22033,22
-92.02570343017578,32.53010177612305,Ouachita Parish,22073,22
-91.09835815429688,30.470849990844727,East Baton Rouge Parish,22033,22
-91.15318298339844,30.640649795532227,East Baton Rouge Parish,22033,22
-91.0355224609375,30.34286499023437,East Baton Rouge Parish,22033,22
-92.6635513305664,30.23930931091309,Jefferson Davis Parish,22053,22
-92.6635284423828,30.23528861999512,Jefferson Davis Parish,22053,22
-92.6633071899414,30.2236557006836,Jefferson Davis Parish,22053,22
-92.63909912109376,30.200199127197266,Jefferson Davis Parish,22053,22
-92.0509033203125,31.05661964416504,Avoyelles Parish,22009,22
-91.18090057373048,30.404800415039062,East Baton Rouge Parish,22033,22
-91.18269348144533,30.451889038085938,East Baton Rouge Parish,22033,22
-91.08628845214844,30.472644805908203,East Baton Rouge Parish,22033,22
-91.18526458740234,30.447349548339844,East Baton Rouge Parish,22033,22
-91.1932601928711,30.524015426635746,East Baton Rouge Parish,22033,22
-90.87003326416016,30.270980834960938,Ascension Parish,22005,22
-91.18670654296876,30.463579177856445,East Baton Rouge Parish,22033,22
-91.18856811523438,30.45000267028809,East Baton Rouge Parish,22033,22
-91.18440246582033,30.44580078125,East Baton Rouge Parish,22033,22
-91.18319702148438,30.467100143432617,East Baton Rouge Parish,22033,22
-91.07062530517578,30.47934532165528,East Baton Rouge Parish,22033,22
-91.18860626220705,30.4507999420166,East Baton Rouge Parish,22033,22
-91.1906509399414,30.44498062133789,East Baton Rouge Parish,22033,22
-93.34539031982422,29.803844451904297,Cameron Parish,22023,22
-92.65249633789062,30.23397445678711,Jefferson Davis Parish,22053,22
-91.17894744873048,30.458948135375977,East Baton Rouge Parish,22033,22
